date,oi,nc_long,nc_short,c_long,c_short
1988-04-29,3714,0,0,2403,2386
1988-05-13,4051,231,0,2187,2286
1988-05-31,6090,0,267,2967,1420
1988-06-15,16980,996,4132,7449,2602
1988-06-30,16530,300,2960,8505,3676
1988-07-15,17980,941,2692,8698,3557
1988-07-29,16199,0,1400,6774,4274
1988-08-15,19804,1412,1236,7316,9006
1988-08-31,19574,3255,1033,6472,8667
1988-09-15,19741,199,831,10901,10155
1988-09-30,12790,1761,1326,3929,3224
1988-10-14,22023,6874,1316,2240,12717
1988-10-31,19073,3773,366,2866,9893
1988-11-15,19333,4097,0,3675,12165
1988-11-30,28514,8470,0,4668,19937
1988-12-15,28928,6098,2048,11171,18167
1988-12-30,16277,2251,1907,5998,7812
1989-01-13,24359,1356,6839,15422,6099
1989-01-31,24733,3285,6149,13662,8237
1989-02-15,23653,1357,5117,12997,7341
1989-02-28,25427,488,5939,14233,7477
1989-03-15,20601,2579,6212,12214,2148
1989-03-31,21413,800,8183,14552,962
1989-04-14,22808,4600,7083,10661,2848
1989-04-28,18096,2363,4056,8038,2475
1989-05-15,27737,899,11768,19562,3337
1989-05-31,27640,918,10005,18962,4794
1989-06-15,29312,1097,6337,20236,9860
1989-06-30,23390,400,8344,14934,752
1989-07-14,23729,2906,6606,12165,9254
1989-07-31,26345,9989,1711,4776,17878
1989-08-15,23192,1869,7915,13022,4202
1989-08-31,21958,1330,4997,14747,3167
1989-09-15,34445,745,8219,22220,10566
1989-09-29,24441,5352,1716,9539,15042
1989-10-13,20998,841,5151,13826,4684
1989-10-31,22915,2819,3477,12561,10405
1989-11-15,26200,6408,3278,12295,14057
1989-11-30,23429,550,3941,15485,9180
1989-12-15,29696,6991,614,11836,22140
1989-12-29,19835,7388,251,1771,13964
1990-01-15,23586,8634,676,2745,16288
1990-01-31,26743,10083,684,4365,18425
1990-02-15,30949,8859,1002,5620,19223
1990-02-28,30640,7169,1210,8846,18692
1990-03-15,30738,1704,6905,21078,12056
1990-03-30,20876,426,4332,11422,5263
1990-04-12,24758,917,3410,9929,8904
1990-04-30,25039,1490,5896,13081,6361
1990-05-15,31004,5984,2267,9817,17119
1990-05-31,37655,13336,2109,9172,24146
1990-06-15,41745,15163,2242,9808,28249
1990-06-29,35653,16957,1895,2739,25435
1990-07-13,36784,14648,1171,4015,23043
1990-07-31,38002,14226,1484,5088,24607
1990-08-15,42643,15351,1757,10222,29600
1990-08-31,39839,9801,1154,14595,26290
1990-09-14,38312,3199,4394,21794,22103
1990-09-28,28248,2128,7640,18710,10048
1990-10-15,32439,8375,3093,10185,19866
1990-10-31,34086,9998,2887,11636,19752
1990-11-15,40331,12422,1656,14435,25824
1990-11-30,36595,9283,1530,15871,19900
1990-12-14,36298,7382,6322,21149,14093
1990-12-31,25426,775,7398,17805,2461
1991-01-15,20985,1224,5911,12845,4176
1991-01-31,28788,6552,2892,10431,14919
1991-02-15,37151,11853,3541,8888,21450
1991-02-28,31471,4082,6636,17851,11219
1991-03-15,40947,875,7856,32341,17715
1991-03-28,30696,0,11004,23947,6044
1991-04-15,30173,522,7496,18512,7625
1991-04-30,28408,620,6162,18524,7747
1991-05-15,31279,3617,4504,18009,12019
1991-05-31,29737,213,5207,21583,7860
1991-06-14,42887,1047,7119,33628,17644
1991-06-28,30644,545,8368,21327,5326
1991-07-15,27547,2388,7421,15387,6262
1991-07-31,20593,3620,1572,6441,8967
1991-08-15,20125,3103,567,5344,7127
1991-08-30,20845,1329,1083,9924,8548
1991-09-16,35446,8565,798,9562,25111
1991-09-30,24941,8548,0,1357,16379
1991-10-15,21621,2494,3114,9807,5994
1991-10-31,24630,3648,486,8924,13622
1991-11-15,31052,8931,854,6486,19924
1991-11-29,30272,7406,614,8549,17227
1991-12-13,31164,8066,1102,11419,20277
1991-12-31,20576,7441,924,1184,12417
1992-01-15,23359,2152,1327,12899,10250
1992-01-31,24765,1757,1958,16222,9838
1992-02-14,24632,2341,1343,14492,9823
1992-02-28,27278,1780,3061,18175,10195
1992-03-13,37993,1331,4931,29301,15233
1992-03-31,24563,1012,2028,14928,7010
1992-04-15,29770,5002,736,10097,10837
1992-04-30,33175,8847,1424,6753,16984
1992-05-15,37497,12811,2946,6337,23930
1992-05-29,35107,10538,3693,9098,20633
1992-06-15,43869,11735,2087,16001,31584
1992-06-30,28993,10234,2598,4410,16597
1992-07-15,26685,8954,2356,4151,14906
1992-07-31,26918,7623,2539,7502,13282
1992-08-14,26266,7325,1406,7714,12071
1992-08-31,32261,10566,4029,7257,17112
1992-09-15,33031,4242,2853,20524,16258
1992-09-30,29099,1430,8403,22013,5908
1992-10-06,29628,1129,8780,23808,6213
1992-10-13,29465,290,7518,22498,6693
1992-10-20,29460,2020,8109,19798,5663
1992-10-27,31365,462,8315,22104,6592
1992-11-03,32817,839,9186,22627,6748
1992-11-10,33135,864,8541,23046,7917
1992-11-17,32888,252,8468,22902,7466
1992-11-24,33205,259,9086,23498,7100
1992-12-01,31916,959,7137,21322,9079
1992-12-08,30834,1749,3735,18827,14109
1992-12-15,30371,1643,3405,21057,16901
1992-12-22,22660,1159,5433,14658,4401
1992-12-29,33982,1231,11635,26910,4121
1993-01-05,32160,1369,10247,23590,4819
1993-01-12,24625,1703,3754,13543,8787
1993-01-19,22434,1749,2901,12571,8976
1993-01-26,24608,1847,3450,13858,10829
1993-02-02,36652,2268,11219,25099,7881
1993-02-09,43350,3162,14986,31038,7305
1993-02-16,43814,2997,16188,31488,7991
1993-02-23,42549,3269,16694,30886,7742
1993-03-02,42002,2489,15773,29511,8726
1993-03-09,46274,1561,13452,35100,13209
1993-03-16,53864,3263,12890,38691,17193
1993-03-23,31060,5383,3379,11052,18839
1993-03-30,30465,4570,2935,11413,18898
1993-04-06,31878,5567,1402,9863,23417
1993-04-13,38474,9330,3636,9163,27850
1993-04-20,39068,9759,3028,9513,29366
1993-04-27,45310,13277,2660,10679,34488
1993-05-04,43693,12321,1876,10139,34105
1993-05-11,40195,10438,1482,13185,25987
1993-05-18,35802,6812,832,14539,21023
1993-05-25,35712,6851,1014,14104,24121
1993-06-01,38130,5138,2113,13941,25572
1993-06-08,39932,1246,5095,25346,18378
1993-06-15,38141,603,5478,28495,19016
1993-06-22,35143,1117,10407,24892,6588
1993-06-29,27652,2301,7175,16749,5231
1993-07-06,22666,1218,5459,11764,5322
1993-07-13,27070,1639,5547,15292,5816
1993-07-20,24537,1245,4689,10935,6329
1993-07-27,26754,1365,4444,13365,7274
1993-08-03,25966,1463,5563,12651,7854
1993-08-10,37767,1475,11129,24902,6177
1993-08-17,38830,2188,12212,26628,6254
1993-08-24,28887,4263,3637,9773,13563
1993-08-31,34075,3222,9131,17088,9633
1993-09-07,47635,9867,3312,12348,31151
1993-09-14,41945,10031,2698,9418,27815
1993-09-21,26968,6898,2439,3844,16045
1993-09-28,25234,5083,2286,5679,13848
1993-10-05,24961,3726,2284,8450,13108
1993-10-12,27291,5081,4000,7545,15054
1993-10-19,31889,2894,7679,19196,9360
1993-10-26,35240,1605,9095,23912,8066
1993-11-02,36284,2001,9599,24564,7937
1993-11-09,43133,1706,11841,27667,7408
1993-11-16,36927,929,10116,24086,9861
1993-11-23,36341,1248,8216,21306,10712
1993-11-30,37537,2501,5653,17072,14297
1993-12-07,41274,5221,2145,16135,25260
1993-12-14,41092,7747,2695,14778,28348
1993-12-21,22959,2344,3182,7369,10127
1993-12-28,34070,9815,1835,4295,23995
1994-01-04,28834,3508,5980,11678,10085
1994-01-11,30991,4308,5779,12012,13388
1994-01-18,43513,17280,8461,8675,25030
1994-01-25,42142,15848,2821,9167,29873
1994-02-01,54526,22481,3429,9262,41302
1994-02-08,40431,1512,8178,27239,15820
1994-02-15,41666,987,9225,28745,15130
1994-02-22,43197,1978,11843,31728,14491
1994-03-01,48502,845,13071,37429,19353
1994-03-08,41508,1497,3394,27915,23783
1994-03-15,45275,3814,3202,9510,13032
1994-03-22,25174,2939,3897,11071,12128
1994-03-29,31281,2973,8102,16477,10757
1994-04-05,43406,355,18189,32513,6571
1994-04-12,47239,714,19134,38740,8561
1994-04-19,46240,535,15516,37702,11814
1994-04-26,45341,12655,6414,16756,22377
1994-05-03,49464,16819,4437,12262,33309
1994-05-10,42890,11488,4784,14178,26206
1994-05-17,46628,11706,4175,16910,30241
1994-05-24,46306,11294,4514,17434,29720
1994-05-31,44476,10868,4474,17155,28109
1994-06-07,45412,10045,4524,19034,29169
1994-06-14,50899,15179,3487,1136,23170
1994-06-21,40151,20262,3309,790,29163
1994-06-28,39103,19227,3030,1671,28534
1994-07-05,39036,18644,3497,2705,28030
1994-07-12,41030,17877,5539,4292,27414
1994-07-19,41394,16333,7058,9141,25326
1994-07-26,32221,6516,10785,14774,9349
1994-08-02,31928,5539,10511,15633,10174
1994-08-09,32123,5468,9894,15621,11420
1994-08-16,34992,5909,8953,16550,13926
1994-08-23,40352,8424,8386,17902,20788
1994-08-30,35612,4067,10685,22330,12452
1994-09-06,39923,5239,9566,20905,20452
1994-09-13,50574,9559,5395,24491,34723
1994-09-20,52019,12941,2627,2249,22330
1994-09-27,33279,14342,2467,2928,23509
1994-10-04,33580,14547,1728,1877,23635
1994-10-11,41796,16289,3340,8445,30723
1994-10-18,44329,16137,2717,10051,33206
1994-10-25,43616,16587,1872,8454,33616
1994-11-01,45599,16285,3806,10539,33630
1994-11-08,50144,15905,8555,17471,33340
1994-11-15,46959,11240,14960,22693,21687
1994-11-22,51287,6874,23920,32616,16411
1994-11-29,57360,5633,24302,40670,19106
1994-12-06,72635,5777,23489,54640,21139
1994-12-13,72973,4495,23933,57099,32160
1994-12-20,73360,4706,16042,36038,18607
1994-12-27,58849,2197,25361,50000,17506
1995-01-03,54250,1797,17240,43761,25668
1995-01-10,56015,1853,17744,46195,24532
1995-01-17,37986,2811,15708,26236,11431
1995-01-24,47147,6690,10558,24168,25436
1995-01-31,42756,6156,10856,22847,22112
1995-02-07,40512,2337,14246,27050,15289
1995-02-14,46244,1992,11654,33872,22094
1995-02-21,48575,2224,10348,34590,26889
1995-02-28,50942,4114,8710,34492,31482
1995-03-07,58604,10600,1939,30403,44579
1995-03-14,53422,6382,2274,7874,12139
1995-03-21,20876,5261,1784,9045,11353
1995-03-28,22937,5640,1825,9281,14716
1995-04-04,23373,5870,2138,9663,15832
1995-04-11,22800,4251,1465,11029,14827
1995-04-18,22698,4705,1232,9564,16054
1995-04-25,23379,4227,1406,10535,15509
1995-05-02,23479,4137,1710,9982,16535
1995-05-09,24590,4332,2949,12584,12611
1995-05-16,29270,935,11580,22340,3695
1995-05-23,28733,984,11811,21233,3687
1995-05-30,25232,521,7184,17012,9274
1995-06-06,27572,812,7127,18654,11118
1995-06-13,36074,435,7111,28140,19437
1995-06-20,19393,2133,4559,9117,8167
1995-06-27,20555,560,5401,15101,7558
1995-07-03,20776,371,5382,15251,7107
1995-07-11,22967,0,5727,17574,9092
1995-07-18,22817,213,5309,15977,10354
1995-07-25,24866,0,6953,19217,9859
1995-08-01,26290,3990,5975,13508,13316
1995-08-08,29924,6455,3631,10769,18598
1995-08-15,36871,1296,11746,29806,11531
1995-08-22,39360,984,15629,33133,8105
1995-08-29,40216,1507,14489,33780,10961
1995-09-05,37942,1089,13021,32202,10864
1995-09-12,48364,850,14471,40746,19953
1995-09-19,32310,855,14404,26300,4691
1995-09-26,30065,9070,2605,13249,21807
1995-10-03,31204,9029,2979,13937,22903
1995-10-10,36393,9312,1345,19239,29596
1995-10-17,35799,9132,638,19133,29535
1995-10-24,34207,9419,618,17346,27568
1995-10-31,35694,9240,853,19016,28993
1995-11-07,36938,9621,625,19726,30541
1995-11-14,42391,1629,11223,35381,20190
1995-11-21,51499,345,18689,45964,18787
1995-11-28,48657,362,15740,42013,19680
1995-12-05,53421,0,16525,47330,20890
1995-12-12,66057,268,14369,58503,31482
1995-12-19,32723,268,12563,28310,7466
1995-12-26,34130,4633,6560,22823,15046
1996-01-02,30668,6607,2045,17414,18959
1996-01-09,36678,8622,1003,21029,25189
1996-01-16,33713,7023,2052,20445,19009
1996-01-23,43863,345,17240,38694,10380
1996-01-30,50988,745,21586,45011,11658
1996-02-06,44161,4356,6219,31955,23538
1996-02-13,49838,6208,4923,33940,30717
1996-02-20,53470,9280,3534,33184,37220
1996-02-27,50711,6027,3855,34917,36583
1996-03-05,53038,4239,4747,40241,35733
1996-03-12,61581,1310,10765,53694,38987
1996-03-19,34389,300,6406,28651,18452
1996-03-26,45880,1485,6637,38517,28671
1996-04-02,49971,1470,10311,43255,29254
1996-04-09,46709,557,9771,39974,26100
1996-04-16,66772,2983,20682,58402,32380
1996-04-23,56917,2569,13100,47731,32498
1996-04-30,61153,6610,17723,50200,31162
1996-05-07,52391,6740,17246,40136,20374
1996-05-14,45694,7575,8013,31464,27431
1996-05-21,47273,8014,8866,31486,28655
1996-05-28,51628,8785,8741,35444,32750
1996-06-04,75505,28832,3627,29630,61993
1996-06-11,77714,24614,1699,31075,61936
1996-06-18,40863,16812,1619,8457,34097
1996-06-25,42155,16627,2097,10938,33776
1996-07-02,48179,18709,2522,11022,38324
1996-07-09,58784,20824,634,20413,51619
1996-07-16,60201,20249,608,20617,53296
1996-07-23,53762,14708,1186,25625,46450
1996-07-30,54359,14799,1123,25954,46597
1996-08-06,49096,8219,2285,30007,37942
1996-08-13,47991,6138,1475,31538,38374
1996-08-20,49320,7124,1684,31506,39522
1996-08-27,53358,10039,1286,30643,43926
1996-09-03,65298,20235,1301,27688,54095
1996-09-10,69758,19324,1297,33129,57780
1996-09-17,40033,19209,1362,6956,32406
1996-09-24,39349,18406,1712,7552,32298
1996-10-01,41093,19717,1731,8564,33649
1996-10-08,44569,20256,4234,10925,33837
1996-10-15,56764,24862,2183,11644,48650
1996-10-22,57540,25160,1829,11699,48312
1996-10-29,58025,25819,2113,11668,48757
1996-11-05,59894,24265,1355,14452,50831
1996-11-12,60973,23994,1203,14346,50917
1996-11-19,64129,22551,801,17600,54281
1996-11-26,62272,20937,540,18175,50972
1996-12-03,64173,11420,7901,31400,40512
1996-12-10,58466,4114,3764,38275,42437
1996-12-17,26328,4706,3428,7681,13073
1996-12-24,28901,4844,3636,11287,15959
1996-12-31,42991,17524,893,9107,34203
1997-01-07,44725,15408,680,12046,36269
1997-01-14,39750,11886,1158,12539,28439
1997-01-21,39625,11525,1374,12621,28122
1997-01-28,36740,1538,8949,27003,14703
1997-02-04,40392,759,12475,31470,14747
1997-02-11,37223,1492,10152,27035,16064
1997-02-18,38880,874,10363,29697,14753
1997-02-25,38965,1990,10103,27880,17257
1997-03-04,38791,1755,9442,28813,15834
1997-03-11,51948,152,12519,44265,25943
1997-03-18,39630,0,13989,34036,9162
1997-03-25,33460,885,11808,24738,9843
1997-04-01,36841,9886,1568,14084,26561
1997-04-08,36422,10169,1182,13774,26789
1997-04-15,36712,9915,1402,13903,27500
1997-04-22,38726,10502,968,13933,29724
1997-04-29,40777,13165,935,12764,31652
1997-05-06,40045,9017,846,14618,29015
1997-05-13,37463,8768,1398,16441,27858
1997-05-20,44416,11832,721,14405,35736
1997-05-27,41784,11918,951,15981,32529
1997-06-03,41825,12109,935,16327,33688
1997-06-10,51246,11098,676,27170,41964
1997-06-17,32656,12871,672,7084,25686
1997-06-24,55541,25119,817,10107,48456
1997-07-01,54291,22801,815,11370,44891
1997-07-08,64098,28036,759,12749,55863
1997-07-15,64333,28067,1111,15303,53835
1997-07-22,65625,27873,1779,16595,56133
1997-07-29,50192,7707,8537,25592,24639
1997-08-05,49609,4877,10045,33343,25301
1997-08-12,54002,2034,14804,44077,20695
1997-08-19,49773,590,13929,42470,20629
1997-08-26,48989,563,12518,40817,22028
1997-09-02,49693,1097,12578,40426,21450
1997-09-09,62379,1310,11631,44872,27792
1997-09-16,30841,403,11663,23823,6477
1997-09-23,28758,625,10331,20998,7270
1997-09-30,28040,999,8306,17784,9716
1997-10-07,29740,1640,7417,17292,12684
1997-10-14,29720,1640,7652,17447,12732
1997-10-21,35436,3710,3821,14280,23723
1997-10-28,52014,21292,1187,9323,40236
1997-11-04,50125,20979,1497,9318,40751
1997-11-11,56149,25941,1132,9590,47378
1997-11-18,60001,29977,1536,10783,50374
1997-11-25,58703,26299,1996,14516,42636
1997-12-02,57669,25660,1317,14860,44871
1997-12-09,52950,7620,1653,32578,37501
1997-12-16,33808,4784,6440,19203,12210
1997-12-19,34186,4086,5620,17261,15149
1997-12-23,31839,4085,5588,18293,14601
1997-12-30,31750,3811,4192,17981,15738
1998-01-06,32850,2917,6537,20306,12729
1998-01-13,34890,2721,7281,23020,13302
1998-01-20,35925,2985,7225,25488,11601
1998-01-27,31215,4405,1129,15329,19589
1998-02-03,30566,3814,1127,17532,18938
1998-02-10,30407,3412,1574,19109,16784
1998-02-17,30225,3449,1834,20275,16812
1998-02-24,33650,4882,1214,17584,21954
1998-03-03,33697,6492,1183,14360,23672
1998-03-10,32537,2237,2486,20643,19383
1998-03-17,35189,11754,875,5741,27539
1998-03-24,39543,13692,616,6690,31214
1998-03-31,43166,15274,1684,8217,32839
1998-04-07,38548,13453,1643,8047,27586
1998-04-14,44503,14499,1141,8649,35252
1998-04-21,47517,18732,935,8254,37595
1998-04-28,37557,12172,1654,8847,25288
1998-05-05,36791,9073,2942,14132,22793
1998-05-12,44675,982,13057,35892,14632
1998-05-19,52887,697,19854,45827,14231
1998-05-26,52744,2303,19216,42603,15226
1998-06-02,52167,1230,19394,42922,15914
1998-06-09,64130,1168,18045,51708,26850
1998-06-16,44093,5809,17734,27166,14684
1998-06-23,48874,19032,1900,15901,38395
1998-06-30,50578,19754,1955,15644,39580
1998-07-07,39512,6362,2154,20294,26178
1998-07-14,37141,3328,4423,21693,20835
1998-07-21,36769,1762,4273,25897,20405
1998-07-28,37872,6697,1966,19335,26965
1998-08-04,40629,2755,5383,27904,21405
1998-08-11,41926,2136,6402,31564,20068
1998-08-18,63395,1126,27717,55305,15549
1998-08-25,47718,1193,14545,37096,17313
1998-09-01,71946,25576,3837,30393,55450
1998-09-08,74452,26028,3974,31481,57965
1998-09-15,49541,22488,5632,11741,34888
1998-09-22,51441,23755,5529,12479,35127
1998-09-29,58454,29192,6401,11993,40333
1998-10-06,54176,24165,6256,14108,35613
1998-10-13,52658,23524,5510,13760,37213
1998-10-20,52335,22048,5487,14321,36009
1998-10-27,50305,9602,7494,29341,30168
1998-11-03,53506,6312,12015,39393,28956
1998-11-10,52884,6037,10702,39959,28572
1998-11-17,52761,5402,12885,39752,27984
1998-11-24,55379,5042,14604,43270,26940
1998-12-01,57589,4735,15163,46547,27079
1998-12-08,64674,4586,15278,48962,29863
1998-12-15,47847,16511,3539,20666,33939
1998-12-22,44144,12476,2735,22144,30945
1998-12-29,46075,15169,2735,20642,33905
1999-01-05,43206,10828,5862,26166,26684
1999-01-12,57740,4556,20717,48451,19925
1999-01-19,52148,5700,12965,42062,22600
1999-01-26,50488,4918,12181,39908,23798
1999-02-02,56703,4478,18834,46687,21854
1999-02-09,54792,4386,18042,44551,22577
1999-02-16,56165,3965,18180,46334,22241
1999-02-23,67663,3747,27531,58189,21744
1999-03-02,73910,3747,31513,63954,21970
1999-03-09,83402,4849,32452,68922,30868
1999-03-16,55118,1179,20312,46425,21533
1999-03-23,61850,11122,22318,40920,27581
1999-03-30,54416,947,17968,46915,23397
1999-04-06,68549,1882,29142,60391,21185
1999-04-13,64984,884,30016,57667,20656
1999-04-20,67131,684,32800,59885,20826
1999-04-27,61648,1138,24633,52014,23628
1999-05-04,60750,3855,19763,43153,30310
1999-05-11,55926,16942,2549,23035,41306
1999-05-18,57184,17302,3054,23027,43121
1999-05-25,60096,4277,16026,44600,24605
1999-06-01,63155,4064,24566,48910,22724
1999-06-08,66284,6405,24720,50202,23818
1999-06-15,51176,7516,26526,35487,8186
1999-06-22,48586,2944,25097,38682,7317
1999-06-29,62127,3154,37576,51633,6931
1999-07-06,69689,2711,41616,59141,6931
1999-07-13,73339,3470,43767,62194,10372
1999-07-20,67257,3187,34882,55987,15113
1999-07-27,57262,2924,29662,43752,10427
1999-08-03,55026,10125,6581,28466,34379
1999-08-10,55315,14846,6561,25416,37612
1999-08-17,52821,13792,4354,25323,37366
1999-08-24,55277,12378,5067,30027,37947
1999-08-31,54879,14833,4051,24681,37990
1999-09-07,53262,10018,6075,31444,36405
1999-09-14,34466,14721,4390,6017,22126
1999-09-21,34781,13830,4814,6608,23287
1999-09-28,54299,32579,4297,6288,42221
1999-10-05,62192,39896,3545,6494,51795
1999-10-12,63106,39343,3758,7913,51482
1999-10-19,74359,48014,4235,8404,62711
1999-10-26,61647,35944,1900,8616,49311
1999-11-02,59174,32574,1418,11366,49525
1999-11-09,47996,17143,7490,22830,31193
1999-11-16,46714,15155,7947,23249,28976
1999-11-23,47213,15651,7163,23140,30792
1999-11-30,46548,10829,11946,28852,20762
1999-12-07,54458,6688,10253,39472,32904
1999-12-14,18990,914,3978,11477,6189
1999-12-21,18467,414,4415,12905,6172
1999-12-28,18786,627,5229,13581,4849
2000-01-04,27070,5767,1724,9713,17028
2000-01-11,36938,14961,853,7134,29107
2000-01-18,36241,15385,387,8314,27930
2000-01-25,47257,20494,402,11442,39718
2000-02-01,33949,1918,2119,23658,19344
2000-02-08,48047,1567,17477,38588,16174
2000-02-15,47791,1352,15490,39512,17217
2000-02-22,47438,1454,11895,36043,21788
2000-02-29,51024,1560,16370,42339,19536
2000-03-07,62049,1997,14354,51628,31418
2000-03-14,43677,627,18417,37526,10206
2000-03-21,43392,625,17757,34899,11284
2000-03-28,37843,3404,9078,28007,16231
2000-04-04,40719,6122,7242,25887,20841
2000-04-11,38671,1945,7707,29735,18785
2000-04-18,42051,1737,10436,34729,17785
2000-04-25,42813,1266,11935,35823,17430
2000-05-02,52717,1902,19950,45440,15432
2000-05-09,51395,1082,19025,44755,15382
2000-05-16,49851,570,13694,41035,13556
2000-05-23,53580,570,16959,43771,14371
2000-05-30,52836,1249,14223,41060,15971
2000-06-06,50316,770,8789,40591,21251
2000-06-13,52278,770,8873,43446,26247
2000-06-20,25945,0,4660,19066,6091
2000-06-27,26582,0,4662,19358,5887
2000-07-05,28243,2493,4932,18830,8035
2000-07-11,27846,1126,4680,20373,8821
2000-07-18,33703,406,6203,26872,8081
2000-07-25,30688,2662,3620,17589,12914
2000-08-01,31895,1458,5087,22845,10578
2000-08-08,31666,1068,6120,23548,9857
2000-08-15,30511,689,5913,23310,8869
2000-08-22,41087,401,15086,33424,8528
2000-08-29,45752,0,16574,35583,8752
2000-09-05,45161,807,16981,34941,7528
2000-09-12,54969,470,15255,38430,13891
2000-09-19,37690,4,15026,27469,3955
2000-09-26,32381,36,6943,24311,10998
2000-10-03,30294,46,5317,21478,11111
2000-10-10,30327,99,4160,20677,12203
2000-10-17,31982,638,5369,23233,12195
2000-10-24,30852,71,4284,22989,12705
2000-10-31,31177,724,4149,22383,13517
2000-11-07,34188,1166,4934,25748,12554
2000-11-14,33617,412,4754,25740,12921
2000-11-21,36018,594,6418,27864,12215
2000-11-28,37298,610,7579,27256,11214
2000-12-05,40519,552,5901,30799,19379
2000-12-12,38716,667,2856,28539,21153
2000-12-19,23226,920,2538,13142,9914
2000-12-26,23181,1518,1906,11173,11976
2001-01-02,27079,3722,1885,11354,17452
2001-01-09,29253,3410,772,12727,21120
2001-01-16,29854,3463,1463,13924,20735
2001-01-23,28835,3091,1223,13407,19705
2001-01-30,27837,2130,772,13929,18207
2001-02-06,28738,2750,1748,15602,17184
2001-02-13,30561,2556,4257,19930,13562
2001-02-20,32335,2116,5066,21148,12196
2001-02-27,31691,2104,4842,20777,11432
2001-03-06,37437,3435,3392,22347,21968
2001-03-13,41230,5980,4982,24513,25117
2001-03-20,29527,1004,6110,20006,9919
2001-03-27,34343,1069,9371,24855,10014
2001-04-03,37712,1815,10279,28726,10436
2001-04-10,32735,1633,7212,25000,10400
2001-04-17,33572,1506,8479,27344,11266
2001-04-24,33311,1966,6979,24181,13139
2001-05-01,34963,1822,7414,26570,12659
2001-05-08,39216,1866,11388,29731,10981
2001-05-15,41505,1052,11366,32551,12211
2001-05-22,40620,1740,9764,32606,13921
2001-05-29,44794,2039,11897,35867,13884
2001-06-05,47003,2002,14243,38348,14239
2001-06-12,61357,3767,16168,45011,23163
2001-06-19,39946,1397,14748,31618,4858
2001-06-26,34659,1486,10437,24143,6343
2001-07-03,35912,844,9409,26219,7346
2001-07-10,34163,1781,8598,23386,8154
2001-07-17,33246,2164,9846,22495,5976
2001-07-24,31979,3602,5322,15993,15096
2001-07-31,31886,3476,5488,16284,15296
2001-08-07,33927,2643,5780,20402,14148
2001-08-14,36855,6161,4953,25961,30371
2001-08-21,45476,15386,4586,20898,40374
2001-08-28,50269,18852,4059,11984,36358
2001-09-04,48467,16192,4146,12737,31620
2001-09-10,63015,17074,4649,22810,44934
2001-09-18,39768,13239,3070,9291,29226
2001-09-25,40103,13092,3786,7926,28635
2001-10-02,40185,13436,4242,9195,26321
2001-10-09,40137,13342,5054,8969,26530
2001-10-16,37905,9690,4904,13434,23011
2001-10-23,39343,4946,6225,21190,20710
2001-10-30,38163,6313,5414,20535,22865
2001-11-06,37327,6416,4366,17059,25032
2001-11-13,38885,4989,3234,20289,25260
2001-11-20,43540,3162,9220,29157,17475
2001-11-27,43792,1801,10279,31322,16940
2001-12-04,42861,1888,10836,32555,16822
2001-12-11,44312,2417,4877,30037,23481
2001-12-18,23677,4889,3147,6507,12136
2001-12-21,22919,2670,4298,9564,10195
2001-12-28,22515,647,3132,10324,12137
2002-01-08,24447,966,4376,10330,10923
2002-01-15,25096,900,5417,12134,9795
2002-01-22,25242,1725,4814,12999,7051
2002-01-29,33552,992,12934,21977,4057
2002-02-05,33289,545,11409,23182,3422
2002-02-12,31419,3751,9149,17163,8244
2002-02-19,26728,1597,7192,12892,7474
2002-02-26,33026,3560,9774,19107,8157
2002-03-05,27814,3367,6963,14664,7007
2002-03-12,39898,2112,12235,25956,10782
2002-03-19,27150,2360,9051,15322,6470
2002-03-26,29410,6723,7578,10704,12077
2002-04-02,38169,10649,6047,8601,23027
2002-04-09,34199,5868,5624,10876,21501
2002-04-16,37817,8350,5913,10757,23873
2002-04-23,42976,13688,5007,8948,28921
2002-04-30,45691,17061,6503,9276,31561
2002-05-07,50156,19501,7831,9491,34045
2002-05-14,44927,13376,8983,12687,26625
2002-05-21,45036,12071,6832,12199,30169
2002-05-28,46069,11317,6671,11965,31983
2002-06-04,43285,9819,6969,12752,28526
2002-06-11,55572,16657,6829,13980,39106
2002-06-18,44886,14829,8986,7764,28027
2002-06-25,43586,13284,8044,8937,26924
2002-07-02,40504,9892,7663,10734,22631
2002-07-09,39998,9072,7156,11682,24005
2002-07-16,37231,5382,5637,12261,20997
2002-07-23,35862,5186,5019,11894,21202
2002-07-30,35941,6234,4720,11817,21781
2002-08-06,33265,5963,3431,10708,21144
2002-08-13,28961,3798,2767,10835,18422
2002-08-20,30012,2805,3982,13326,16938
2002-08-27,32571,6160,3597,11094,20012
2002-09-03,33512,5732,2861,10847,22082
2002-09-10,39093,5795,3772,14276,25891
2002-09-17,22269,2739,5162,3751,8685
2002-09-24,23398,3382,5062,3660,10931
2002-10-01,28653,5396,5780,2380,13558
2002-10-08,30743,5780,6935,5919,13970
2002-10-15,28327,6431,4146,4251,13304
2002-10-22,26456,4835,4568,5157,12503
2002-10-29,32297,11193,3516,2249,20108
2002-11-05,37029,14957,4994,3148,24187
2002-11-12,45933,19263,3944,3766,32510
2002-11-19,43939,17779,4404,3740,30361
2002-11-26,38687,11414,4668,7809,22834
2002-12-03,33681,5052,4312,11921,19534
2002-12-10,40447,7079,3537,13696,25438
2002-12-17,32946,11344,3587,1468,21878
2002-12-23,34020,10488,3587,1565,21971
2002-12-31,34823,11957,3587,1089,22956
2003-01-07,36924,13444,4630,1189,23102
2003-01-14,37182,13773,3608,1050,24151
2003-01-21,37884,14909,3618,2153,25470
2003-01-28,37111,13369,4065,1474,22765
2003-02-04,37750,13415,4433,1954,22931
2003-02-11,35251,10006,5014,3410,18703
2003-02-18,33382,6298,5922,7184,16244
2003-02-25,28528,3807,4717,9994,11917
2003-03-04,29889,3496,3684,12491,12218
2003-03-11,34292,4123,2685,14046,19809
2003-03-18,21258,592,4968,8503,4584
2003-03-25,20470,700,3300,7550,5801
2003-04-01,21711,563,3101,8348,6215
2003-04-08,25980,973,4835,13736,7072
2003-04-15,23221,993,4064,10628,5895
2003-04-22,25201,2053,4681,11426,8411
2003-04-29,27870,2135,4676,9472,13505
2003-05-06,31088,9393,4465,4309,17404
2003-05-13,32959,7470,3376,6319,19154
2003-05-20,37761,9042,2156,7571,24654
2003-05-27,39958,10497,2765,6930,25200
2003-06-03,48222,17567,1531,5593,34926
2003-06-10,59050,20014,1970,10302,42723
2003-06-17,46234,19709,2261,1174,32663
2003-06-24,45976,18775,1558,2843,33287
2003-07-01,47221,18710,2272,4912,34494
2003-07-08,45011,14414,4460,8220,28394
2003-07-15,39893,5501,2999,14548,24862
2003-07-22,36574,3487,4142,15911,20672
2003-07-29,44811,3595,5281,26412,27491
2003-08-05,45719,3660,3959,26475,29344
2003-08-12,44939,3107,2526,25545,31450
2003-08-19,47837,3143,6746,28279,29372
2003-08-26,49139,3953,6136,28725,29067
2003-09-02,42438,4717,7042,20031,19627
2003-09-09,44767,4125,4739,22711,23970
2003-09-16,26786,4540,3019,8509,14517
2003-09-23,36402,12753,2707,5716,24115
2003-09-30,48321,12371,2448,13845,36802
2003-10-07,51131,15295,3678,13401,37651
2003-10-14,53815,15428,4728,13478,39245
2003-10-21,53768,15687,3121,12294,40038
2003-10-28,65065,23023,3357,14919,49775
2003-11-04,66893,21766,2514,19565,53538
2003-11-11,63740,17150,2450,20937,50017
2003-11-18,68738,21525,2584,19079,54361
2003-11-25,67155,22356,3575,17347,52761
2003-12-02,74221,26628,3226,18747,59053
2003-12-09,93872,27080,2454,36080,75663
2003-12-16,67067,24923,2368,13454,53465
2003-12-22,57738,23165,2828,7361,44565
2003-12-30,57504,22849,2893,7812,45951
2004-01-06,60146,22009,3959,10994,46039
2004-01-13,61829,17849,4159,15057,46286
2004-01-20,61215,18594,2359,16278,48280
2004-01-27,63400,19967,2296,17691,51798
2004-02-03,66822,23623,2730,18480,53149
2004-02-10,67552,23388,3482,17264,53891
2004-02-17,70663,24010,3851,19037,52905
2004-02-24,69494,24415,3339,18548,53911
2004-03-02,63096,17565,3588,20850,46049
2004-03-09,73570,13288,2658,34791,56320
2004-03-16,37329,6579,2484,11652,23347
2004-03-23,43178,8351,2479,12927,29867
2004-03-30,39413,7141,1906,12915,26752
2004-04-06,45396,13475,2224,11928,32119
2004-04-12,45575,12752,2104,11950,31895
2004-04-20,41048,8083,2939,14613,24278
2004-04-27,42492,7965,4233,16797,23060
2004-05-04,46341,8405,3675,19753,27010
2004-05-11,48387,8702,5483,22215,24936
2004-05-18,43218,7229,5616,19826,21237
2004-05-25,45355,9993,4091,17130,25995
2004-06-01,54636,16046,6013,15373,36429
2004-06-08,64694,19401,5924,22169,46436
2004-06-15,47098,18432,2224,7208,34860
2004-06-22,47510,18393,2211,7529,32965
2004-06-29,49713,16021,2137,11662,36388
2004-07-06,53855,23288,2211,7431,40914
2004-07-13,72101,33831,3809,11688,56061
2004-07-20,79820,37000,5233,14143,62957
2004-07-27,67259,27913,3418,14967,51429
2004-08-03,70933,26238,4632,20324,54601
2004-08-10,69615,28155,5439,19716,52827
2004-08-17,74776,24266,5068,28114,58031
2004-08-24,72156,14581,7322,37186,50712
2004-08-31,74825,15120,8031,39722,49584
2004-09-07,81067,10778,9031,51485,52981
2004-09-14,46188,12072,6063,17444,25125
2004-09-21,46702,12471,6469,19094,24786
2004-09-28,55643,16311,8495,21679,33503
2004-10-05,59892,14877,14851,26924,31085
2004-10-12,64539,12458,16631,33400,34207
2004-10-19,66763,14932,16633,30135,37423
2004-10-26,72410,24758,15233,23329,47683
2004-11-02,75805,29594,16252,22776,49666
2004-11-09,88825,40588,17242,22072,61175
2004-11-16,88817,42409,14760,20487,62901
2004-11-23,97094,47600,13995,20643,71328
2004-11-30,88044,44296,11521,14122,62951
2004-12-07,101414,39467,5882,33945,82309
2004-12-14,77331,41235,2449,10798,64146
2004-12-21,81082,37492,2710,17589,66448
2004-12-28,77644,33131,12980,19585,53575
2005-01-04,75999,24458,11935,27277,51423
2005-01-11,66467,22756,1364,22216,51666
2005-01-18,64508,21007,2292,21563,47502
2005-01-25,63971,18616,2626,23465,45528
2005-02-01,65926,19591,2898,24406,49927
2005-02-08,64686,15190,5081,28999,45861
2005-02-15,73291,26973,4734,25016,56475
2005-02-22,79178,29369,4213,26278,63025
2005-03-01,79910,38182,4663,15806,62860
2005-03-08,99583,46451,5324,21121,80602
2005-03-15,79439,42006,4182,9867,65961
2005-03-22,71769,31332,4677,16237,56958
2005-03-29,66380,18587,6713,27558,47831
2005-04-05,68416,21540,6056,28210,51168
2005-04-12,82524,26824,6453,37784,64686
2005-04-19,86549,33817,7019,33679,68760
2005-04-26,85465,29282,5571,33392,70335
2005-05-03,88941,25845,5967,38817,73461
2005-05-10,89238,25907,5809,40597,70896
2005-05-17,81490,17615,17181,43338,47680
2005-05-24,86387,14760,22170,52624,45652
2005-05-31,95073,14346,25417,61489,48354
2005-06-07,101520,14668,23243,62055,57244
2005-06-14,68775,14197,31146,36280,18422
2005-06-21,65232,13979,26898,33746,20696
2005-06-28,66998,8962,28767,40945,19759
2005-07-05,73218,10990,31404,42063,23347
2005-07-12,74117,9067,31648,48017,22292
2005-07-19,77596,11268,36892,48718,21784
2005-07-26,75763,12276,32141,46338,23720
2005-08-02,73519,12377,29356,43456,22949
2005-08-09,72461,11090,26599,44467,24323
2005-08-16,72786,20459,18101,34085,35992
2005-08-23,74604,21708,16210,34611,41919
2005-08-30,77596,18388,20599,45034,47384
2005-09-06,80522,25940,14944,37604,61913
2005-09-13,91701,27410,8935,40858,67154
2005-09-20,67785,24572,13994,22488,41168
2005-09-27,77440,27581,25018,30404,35853
2005-10-04,89889,20074,36934,53557,34590
2005-10-11,89400,13716,36761,56373,32485
2005-10-18,83729,10591,31641,53424,27988
2005-10-25,74286,12541,26582,44302,29131
2005-11-01,69583,9163,23472,44419,27284
2005-11-08,80390,10489,29859,53470,28012
2005-11-15,84441,10175,33992,58210,27537
2005-11-22,89837,9056,42076,63136,22728
2005-11-29,100047,10936,44023,71758,32648
2005-12-06,107224,15567,41346,74048,41828
2005-12-13,111268,13586,21442,79828,69931
2005-12-20,70230,9425,17617,43997,36623
2005-12-27,62736,9474,21067,37989,25091
2006-01-03,69591,13026,28047,42720,20271
2006-01-10,77079,17074,21847,45988,36928
2006-01-17,83135,17411,20714,48630,45024
2006-01-24,89537,22028,19180,47377,52493
2006-01-31,94091,21296,23206,53808,51561
2006-02-07,93793,15492,29554,62786,43168
2006-02-14,99687,12019,36663,71768,38093
2006-02-21,97217,14722,34603,66600,39946
2006-02-28,98756,15055,23244,66047,55160
2006-03-07,105166,14981,27325,71871,52999
2006-03-14,70017,10989,25621,44935,22224
2006-03-21,68099,13183,18418,39994,30911
2006-03-28,67999,12491,18775,41984,27751
2006-04-04,79371,14015,24699,48888,32217
2006-04-11,79127,16971,22595,42536,37687
2006-04-18,83282,27302,22208,33982,41930
2006-04-25,93662,35005,22715,34973,52796
2006-05-02,89073,34133,15509,31213,58070
2006-05-09,104008,41071,15304,32834,71023
2006-05-16,110006,39358,15086,39736,78830
2006-05-23,114772,42928,12370,40784,87163
2006-05-30,112099,51965,12268,30254,83711
2006-06-06,105314,33771,11485,42204,79213
2006-06-13,126043,34221,12127,63665,98305
2006-06-20,78491,29010,5608,26575,61283
2006-06-27,78592,17709,11138,38284,53525
2006-07-03,78658,22169,10306,34262,55238
2006-07-11,85671,25268,11519,35168,61681
2006-07-18,88080,28460,11383,35604,62241
2006-07-25,102104,34685,12026,43032,76575
2006-08-01,114075,56297,11294,27756,87974
2006-08-08,128112,65228,9602,30603,101574
2006-08-15,135944,74152,10956,27206,109568
2006-08-22,127943,66586,9770,30487,102648
2006-08-29,130539,66676,10551,31850,104355
2006-09-05,131836,63587,9655,37607,104080
2006-09-12,127633,50259,12678,43986,88470
2006-09-19,104255,60218,17265,18723,72331
2006-09-26,122122,74642,17675,17207,89109
2006-10-03,104665,62700,17754,17176,71158
2006-10-10,101848,44433,24598,29949,59055
2006-10-17,108510,56447,23142,26843,66137
2006-10-24,101676,56205,19040,21300,65613
2006-10-31,126678,80509,20645,16971,85465
2006-11-07,152030,104189,19909,16385,113267
2006-11-14,136600,82682,20430,21104,99405
2006-11-21,140587,90136,21047,16559,102108
2006-11-28,154081,101064,20438,17185,112569
2006-12-05,151959,96711,20879,17011,109218
2006-12-12,181580,103761,24592,38842,136975
2006-12-19,149800,98434,12836,18196,121133
2006-12-26,140289,86236,12392,20724,114599
2007-01-03,137217,79060,13903,22259,105465
2007-01-09,132731,69319,10666,27593,101064
2007-01-16,150691,96664,12346,16121,117006
2007-01-23,163961,109941,15213,15408,127877
2007-01-30,146660,87825,10898,22685,113545
2007-02-06,162238,106463,13735,20125,127221
2007-02-13,150695,66582,17984,48283,108402
2007-02-20,147702,74776,15623,39292,109087
2007-02-27,160234,88313,20285,32722,115740
2007-03-06,152524,57219,29826,65622,101299
2007-03-13,160560,49742,29339,79416,107339
2007-03-20,111646,66091,19962,18174,71481
2007-03-27,111802,63269,20691,17817,73446
2007-04-03,122932,73343,17500,18437,84038
2007-04-10,120468,70095,21678,22147,77490
2007-04-17,134953,83429,23762,18904,85161
2007-04-24,148006,95965,25899,19622,99196
2007-05-01,144051,88457,24464,22501,97649
2007-05-08,134140,74982,22985,26075,91768
2007-05-15,126092,64011,22933,32792,82193
2007-05-22,122261,56493,21155,35585,82060
2007-05-29,129528,69948,22538,27631,87821
2007-06-05,142314,85999,24139,22388,97239
2007-06-12,133395,63644,24227,39569,84461
2007-06-19,133035,92943,21250,13029,93387
2007-06-26,159791,119328,23194,9501,117340
2007-07-03,164639,122379,24206,8765,113388
2007-07-10,156362,112950,24419,8054,105737
2007-07-17,173222,123452,25086,16579,124035
2007-07-24,158955,107615,24111,16700,110055
2007-07-31,128722,89522,20809,9372,86690
2007-08-07,125762,74315,20182,23108,84134
2007-08-14,120623,58864,17506,32309,83052
2007-08-21,117568,48830,19691,43213,78402
2007-08-28,123570,55525,20954,45882,85074
2007-09-04,125940,53176,20602,48925,86940
2007-09-11,143188,62069,20478,51229,99555
2007-09-18,78793,38917,25524,17150,36868
2007-09-25,85124,47380,22823,17251,46447
2007-10-02,98589,55395,28841,19246,51165
2007-10-09,108741,54137,23649,29526,66654
2007-10-16,108213,56067,20363,25165,68929
2007-10-23,124112,62712,17291,37192,87488
2007-10-30,138550,70484,17556,41169,100625
2007-11-06,147306,79840,19514,40375,107261
2007-11-13,123575,61661,18036,37168,85619
2007-11-20,122587,54350,19965,44093,82937
2007-11-27,121270,56430,21368,42362,79383
2007-12-04,117681,50879,19351,41968,77151
2007-12-11,157832,76851,19853,62880,118164
2007-12-18,66527,32117,20580,17568,27293
2007-12-24,74898,34590,25464,22055,28048
2007-12-31,78638,29132,31941,34131,25342
2008-01-08,86731,30569,33831,37955,29709
2008-01-15,84161,32740,32433,30975,26447
2008-01-22,93381,32239,32968,41199,31556
2008-01-29,92484,38888,33530,37472,36282
2008-02-05,93616,30757,38566,44380,29039
2008-02-12,96936,26593,40526,51048,28609
2008-02-19,94673,25606,37763,49055,28235
2008-02-26,95018,30642,27005,44831,42481
2008-03-04,100067,38013,22299,40675,53988
2008-03-11,109031,45149,23920,46685,61934
2008-03-18,83249,49963,20823,16072,44020
2008-03-25,78111,44244,24516,18361,34475
2008-04-01,98868,34114,36874,47889,39044
2008-04-08,99529,30945,43505,52396,33227
2008-04-15,113459,28219,44355,71190,44003
2008-04-22,115364,35044,30381,64051,62306
2008-04-29,131121,21296,46144,96782,60014
2008-05-06,144702,13874,44311,116349,75947
2008-05-13,165843,25873,50677,123169,86329
2008-05-20,160094,22233,47573,122488,87829
2008-05-27,164058,22471,47359,126653,92447
2008-06-03,162647,18580,47608,123891,90687
2008-06-10,176947,28040,49091,130137,101916
2008-06-17,88496,20534,51782,48466,9086
2008-06-24,76375,24735,37578,37569,14829
2008-07-01,89850,38184,40815,32366,21904
2008-07-08,83736,31256,39554,32537,18549
2008-07-15,108703,50345,43922,37035,41007
2008-07-22,107323,48513,45191,37520,36779
2008-07-29,102737,43269,41809,39755,36064
2008-08-05,93022,21707,47582,55110,19669
2008-08-12,99819,18886,51832,65051,18559
2008-08-19,109921,14836,58564,77262,18099
2008-08-26,115174,16211,61320,83264,20109
2008-09-02,120499,12504,59789,86685,25622
2008-09-09,127527,16511,64031,85124,25230
2008-09-16,105913,18353,67712,74572,12287
2008-09-23,98762,12008,59779,75772,13117
2008-09-30,101945,19488,52524,71148,24342
2008-10-07,101018,20112,55336,73052,21859
2008-10-14,101182,15804,47277,76380,31712
2008-10-21,116248,16095,52796,86050,35400
2008-10-28,130716,18591,51681,87906,43237
2008-11-04,115676,12548,47813,91386,45694
2008-11-11,110560,5967,45805,93539,40942
2008-11-18,112652,5160,47591,95606,39836
2008-11-25,117162,7289,47533,96240,44391
2008-12-02,115876,6199,45424,95755,44797
2008-12-09,122570,5892,43318,103821,48667
2008-12-16,64421,7200,37600,32860,9608
2008-12-22,70151,8817,40447,37806,12466
2008-12-30,76340,9317,45160,42543,12562
2009-01-06,78257,11365,46049,40572,13826
2009-01-13,75438,10415,44467,38642,13254
2009-01-20,87698,7489,46526,49259,18613
2009-01-27,87433,9697,46691,49233,16801
2009-02-03,83589,8890,42313,45599,16804
2009-02-10,80695,8451,40381,41721,16862
2009-02-17,83306,10591,41161,43932,18803
2009-02-24,86102,10599,38881,47507,22372
2009-03-03,94175,14845,40294,51539,29093
2009-03-10,113352,11420,42100,74833,47252
2009-03-17,76198,7731,40721,48909,15218
2009-03-24,76157,9352,40098,45030,14809
2009-03-31,78516,8487,39623,49995,18623
2009-04-07,79456,7150,41612,50326,16359
2009-04-14,83635,12700,39210,57271,23232
2009-04-21,83379,15614,39774,55991,23824
2009-04-28,84760,17702,40615,55752,23022
2009-05-05,91226,20858,43295,55037,27031
2009-05-12,91329,19205,41711,55436,30782
2009-05-19,92870,16596,42524,57184,27179
2009-05-26,93484,17724,42529,56887,27615
2009-06-02,99293,20137,40297,56691,33476
2009-06-09,101196,20887,36220,58170,44519
2009-06-16,81438,23982,32456,37527,29481
2009-06-23,84320,24039,36197,38689,27544
2009-06-30,92518,31038,35139,39880,38165
2009-07-07,87303,26280,35430,41987,34390
2009-07-14,90346,23263,35917,48319,36800
2009-07-21,94151,27441,33132,45913,43576
2009-07-28,92133,23863,31906,48534,41792
2009-08-04,107366,36683,38911,46100,47817
2009-08-11,94413,24568,28824,50172,46577
2009-08-18,94626,26849,28507,51667,44044
2009-08-25,98148,26449,33466,53907,44477
2009-09-01,97615,23032,40550,57246,35214
2009-09-08,105694,29336,35296,57760,50260
2009-09-15,67178,24491,36978,23532,12617
2009-09-22,78452,17821,49416,41763,9981
2009-09-29,98205,16129,63955,66057,10203
2009-10-06,111463,12636,74742,81278,10406
2009-10-13,116449,9898,75244,88874,12176
2009-10-20,103138,15644,58962,69913,17588
2009-10-27,95835,21736,53167,55633,20111
2009-11-03,97336,25102,44007,52740,33796
2009-11-09,103817,28677,44534,53486,38763
2009-11-17,96616,29520,36105,43232,40156
2009-11-24,88875,22820,34175,44355,36780
2009-12-01,89615,23468,34131,45005,36009
2009-12-08,103496,17059,33935,59451,41263
2009-12-15,72177,13810,37254,41416,14117
2009-12-22,74083,13551,38128,43857,15317
2009-12-29,84792,18480,47955,48787,13728
2010-01-05,92891,18031,51595,60287,14463
2010-01-12,89147,15182,50649,56340,11583
2010-01-19,83337,21199,41370,41982,17464
2010-01-26,86475,15075,42228,54925,21890
2010-02-02,95712,14611,48579,63527,19993
2010-02-09,116362,14012,66768,84481,18914
2010-02-16,119085,13922,70001,89737,17370
2010-02-23,125106,13882,76766,96642,15674
2010-03-02,129123,13862,81411,94797,16253
2010-03-09,148562,10417,73890,119211,38707
2010-03-16,121551,11731,75718,94765,14211
2010-03-23,130646,11349,82973,105029,15981
2010-03-30,132818,11965,79038,104446,21916
2010-04-06,129290,14281,73755,100224,23141
2010-04-13,121947,13390,70781,92380,23895
2010-04-20,121340,14258,63556,88773,27781
2010-04-27,119871,11634,66300,90014,22996
2010-05-04,133988,13062,78678,102545,20202
2010-05-11,142670,10269,82457,115351,23897
2010-05-18,152357,10492,87237,125341,29892
2010-05-25,151212,10962,86041,126666,29488
2010-06-01,149216,11809,82263,123405,29748
2010-06-08,167076,14146,88826,134423,37212
2010-06-15,119301,13081,61215,91566,25052
2010-06-22,125471,15921,62267,93645,31529
2010-06-29,121233,17626,52397,88635,36665
2010-07-06,123693,18442,56519,89405,39667
2010-07-13,131680,15501,50172,98635,52012
2010-07-20,124904,16448,43215,92451,58754
2010-07-27,122570,17107,35047,88676,60585
2010-08-03,135454,31058,31308,82832,78143
2010-08-10,142227,35915,30894,82534,87126
2010-08-17,141441,31467,35898,83970,82482
2010-08-24,139333,28511,32876,86511,82980
2010-08-31,144196,23052,38318,96716,77121
2010-09-07,145712,21363,37431,96791,72743
2010-09-14,74850,21108,30235,31126,22726
2010-09-21,71318,17858,26847,30333,23643
2010-09-28,77713,26725,28919,25415,27634
2010-10-05,86536,37064,27661,23758,39982
2010-10-12,92868,39870,31804,26610,40769
2010-10-19,90068,34708,28912,31962,40875
2010-10-26,86611,33001,27912,28511,38142
2010-11-02,91819,39900,24718,26685,45700
2010-11-09,96533,41915,20649,24702,55976
2010-11-16,98997,45677,21906,29403,56634
2010-11-23,93914,35839,25642,34087,46798
2010-11-30,85587,24409,29273,41148,34219
2010-12-07,86269,14242,27162,52143,36262
2010-12-14,67820,12205,20391,37905,28386
2010-12-21,69207,14579,22011,36813,25689
2010-12-28,82141,18294,31415,46533,26113
2011-01-04,84270,17494,31627,49436,27719
2011-01-11,86335,21014,26104,46290,34749
2011-01-18,90630,31415,25621,32530,43587
2011-01-25,96648,36028,28140,31035,46435
2011-02-01,108587,46923,24264,29231,61587
2011-02-08,111363,49204,24729,30413,65136
2011-02-15,132763,68885,16313,28577,95012
2011-02-22,123774,53097,17088,37732,84835
2011-03-01,126350,52122,26313,38690,77923
2011-03-08,145352,54967,21061,47957,96190
2011-03-15,98181,28580,28805,41676,50188
2011-03-22,117974,53348,23624,30235,76858
2011-03-29,104506,30077,29334,45367,54500
2011-04-05,111219,53796,21382,24080,69398
2011-04-12,120316,53423,26752,25408,74300
2011-04-19,108808,50572,20397,23872,70132
2011-04-26,118486,56867,23284,23115,79277
2011-05-03,124003,59735,28928,25334,78794
2011-05-10,108117,41368,23250,30739,65923
2011-05-17,103753,30327,31255,42237,49692
2011-05-24,110336,28090,42233,59457,47228
2011-05-31,108085,32284,34113,49191,53028
2011-06-07,113641,33554,35304,51512,58683
2011-06-14,90719,36684,25458,25098,43918
2011-06-21,92824,26763,38123,42757,32167
2011-06-28,102414,27928,46277,52846,31150
2011-07-05,118359,28634,60303,66004,32188
2011-07-12,121134,27687,52488,73993,38256
2011-07-19,98291,26011,32725,53019,41056
2011-07-26,97415,33312,32090,38197,43231
2011-08-02,103172,43266,38127,32711,43175
2011-08-09,105544,41290,41045,37132,43475
2011-08-16,100562,36193,39289,36090,41640
2011-08-23,102177,40888,29927,29695,53729
2011-08-30,96164,31248,30804,35091,45532
2011-09-06,110372,30543,43763,56225,44044
2011-09-13,142120,33969,60162,83572,50243
2011-09-20,143678,14106,73861,115619,40077
2011-09-27,154682,14288,78298,126815,43137
2011-10-04,175500,14929,83653,148769,60087
2011-10-11,184709,15391,77363,156606,74402
2011-10-18,175827,16946,70172,146414,75827
2011-10-25,171560,18917,69064,136586,77318
2011-11-01,169466,24396,71488,127589,73719
2011-11-08,147978,22607,51729,106849,72170
2011-11-15,150702,23355,56219,112483,70020
2011-11-22,160287,20691,57325,126010,75198
2011-11-29,190728,23503,70163,154277,90373
2011-12-06,209514,26311,69871,170467,109281
2011-12-13,218203,23782,63291,179246,121639
2011-12-20,183972,26533,52472,143472,104008
2011-12-27,183119,25465,54637,143533,102195
2012-01-03,193595,27832,59731,152896,105145
2012-01-10,199855,24044,59897,162591,106978
2012-01-17,211418,23373,65007,174545,108900
2012-01-24,190040,16103,47464,158781,110718
2012-01-31,190849,23698,49912,151492,111212
2012-02-07,195733,28161,61283,148536,106817
2012-02-14,192071,29309,69908,144022,94858
2012-02-21,186668,27617,58967,139035,101041
2012-02-28,176885,26931,50166,130209,99507
2012-03-06,184104,22308,59407,142025,98699
2012-03-13,202880,21924,63772,156862,103648
2012-03-20,141411,25951,41803,96011,75197
2012-03-27,135147,26609,37719,83813,74825
2012-04-03,142660,29262,38069,87792,80809
2012-04-10,145522,29777,48561,94248,74154
2012-04-17,157015,33221,46272,98107,89706
2012-04-24,173368,47435,39899,89980,113492
2012-05-01,188288,53121,36628,94215,133194
2012-05-08,199801,59697,34358,98046,146481
2012-05-15,199270,57471,32450,102490,149212
2012-05-22,184497,40842,29502,116176,132355
2012-05-29,181435,36052,34577,120129,123473
2012-06-05,184583,39042,41909,126489,107399
2012-06-12,178648,28017,51129,131724,93371
2012-06-19,121624,32248,49401,71473,42263
2012-06-26,114561,35296,36054,62171,48777
2012-07-03,108208,32208,37561,58748,42419
2012-07-10,117616,32804,40426,66039,44391
2012-07-17,116976,33896,41349,65425,43877
2012-07-24,116143,29332,32266,70130,52738
2012-07-31,110770,31304,33114,61352,49211
2012-08-07,115125,25764,34039,70631,50620
2012-08-14,114042,32054,32342,61071,52308
2012-08-21,118550,45984,38151,47356,52511
2012-08-28,117034,42407,40439,46134,52243
2012-09-04,133755,41834,48702,57584,59109
2012-09-11,181682,49312,53678,87588,102391
2012-09-18,151305,52597,38185,57416,94768
2012-09-25,172103,60809,33672,67667,121589
2012-10-02,177746,64726,34632,69344,125480
2012-10-09,161457,54190,31618,69627,111519
2012-10-16,164454,54010,34411,68945,111964
2012-10-23,155791,54879,36482,68873,94981
2012-10-30,163917,57897,34494,70155,108181
2012-11-06,164481,57208,37929,72159,103309
2012-11-13,149173,45799,37571,69885,89316
2012-11-20,150722,46546,45816,72393,82747
2012-11-27,157701,51107,40829,71028,98590
2012-12-04,178749,66050,38780,71351,123690
2012-12-11,183628,64753,36799,76362,126897
2012-12-18,188472,79375,51339,66225,119542
2012-12-24,181219,74466,37145,64162,126925
2012-12-31,174676,69146,32838,62945,124180
2013-01-08,165584,60523,34574,68047,111288
2013-01-15,163295,63796,35458,61608,108553
2013-01-22,160820,60201,42263,69899,93288
2013-01-29,166060,57989,47367,85116,84976
2013-02-05,165369,51959,50785,93207,76659
2013-02-12,167100,38661,55437,109569,76486
2013-02-19,187027,40668,64033,128744,82702
2013-02-26,205183,31126,67256,155078,89382
2013-03-05,236181,36021,79870,178904,97356
2013-03-12,297130,28833,78633,230701,148217
2013-03-19,212517,39048,100528,156292,62690
2013-03-26,214636,38184,104739,158512,63071
2013-04-02,208425,31815,96835,158053,60190
2013-04-09,204827,27104,97073,158433,63203
2013-04-16,200884,34020,95995,148381,61580
2013-04-23,199465,33989,94101,148320,59407
2013-04-30,189084,31078,89685,133909,60277
2013-05-07,190781,31542,94628,138468,53039
2013-05-14,198068,36975,102330,139716,54547
2013-05-21,211098,33380,110356,159386,55388
2013-05-28,221612,36221,110746,165979,64616
2013-06-04,210499,26666,104404,165170,63342
2013-06-11,219176,32755,86442,143781,77735
2013-06-18,140550,47377,67783,66978,44363
2013-06-25,123602,34419,53848,63165,41384
2013-07-02,131817,32562,63886,79613,33060
2013-07-09,145033,31311,65570,93694,38586
2013-07-16,151127,24634,62080,108037,47781
2013-07-23,148065,19135,68788,108960,42604
2013-07-30,146335,20155,69618,106157,43787
2013-08-06,145387,22097,68130,101039,44843
2013-08-13,145126,22209,68730,99984,44164
2013-08-20,138505,26947,66469,82623,41692
2013-08-27,149328,30004,68230,90813,47051
2013-09-03,156870,27943,70989,101846,53848
2013-09-10,185433,32921,71087,112660,76126
2013-09-17,141735,44124,50434,59423,62078
2013-09-24,163719,50736,49562,71944,84316
2013-10-01,172422,47329,45833,81205,95978
2013-10-08,184643,58681,49910,84423,105421
2013-10-15,183979,60100,47869,83679,106657
2013-10-22,181489,59437,45175,79775,107751
2013-10-29,177427,57791,47629,80393,102329
2013-11-05,172368,51186,53578,82503,90876
2013-11-12,171002,43888,53191,91367,89935
2013-11-19,183449,53766,55431,93473,101568
2013-11-26,214443,56969,56578,118100,130144
2013-12-03,239371,73962,55593,121372,156792
2013-12-10,255604,71015,52586,137216,173717
2013-12-17,191648,62285,44460,91971,125519
2013-12-24,198063,62593,48173,94669,129001
2013-12-31,206886,62084,39303,100344,145925
2014-01-07,194668,54679,36501,97956,134725
2014-01-14,201372,54352,43192,106759,134907
2014-01-21,208112,56573,47853,110212,134031
2014-01-28,218738,63359,41187,111557,152335
2014-02-04,202690,52098,41147,114398,135274
2014-02-11,204982,53199,42527,115521,138625
2014-02-18,241471,76271,53948,120336,160633
2014-02-25,257037,74558,45756,128291,177930
2014-03-04,254013,71021,41416,130043,179625
2014-03-11,250867,64553,42554,138296,179531
2014-03-18,208961,64141,38605,109445,148828
2014-03-25,202115,66751,37027,102280,144695
2014-04-01,211437,75969,42397,102154,148722
2014-04-08,226667,91642,45165,96497,159397
2014-04-15,226688,87472,36874,98398,169024
2014-04-22,237055,89692,41892,105313,172390
2014-04-29,236030,85913,41679,106203,171519
2014-05-06,241264,83794,43148,108175,172470
2014-05-13,230333,71168,39413,114382,168710
2014-05-20,237637,80009,46919,117999,167790
2014-05-27,238440,78438,43134,120854,172105
2014-06-03,239604,79476,44502,125359,170679
2014-06-10,271602,85202,49360,126458,177887
2014-06-17,250231,100434,47838,107659,180605
2014-06-24,254369,98098,48347,115089,183985
2014-07-01,255911,99929,43517,112124,187421
2014-07-08,254788,86614,44975,123491,185800
2014-07-15,255115,85983,47213,123543,183834
2014-07-22,241155,71792,44295,126841,171724
2014-07-29,237411,75370,50460,122856,160397
2014-08-05,230801,66437,54316,127890,148099
2014-08-12,223719,65348,46549,126296,149762
2014-08-19,237291,72230,58943,132029,148030
2014-08-26,233435,71002,55535,129909,147322
2014-09-02,238973,67538,58090,140619,148169
2014-09-09,256591,81330,54603,141636,159314
2014-09-16,134560,55617,62198,56449,40674
2014-09-23,134061,53691,54741,57886,44652
2014-09-30,132369,54243,50654,54723,51553
2014-10-07,129666,46503,47578,61525,50649
2014-10-14,138471,43116,45953,74112,58761
2014-10-21,135766,36567,41052,79177,62369
2014-10-28,138661,40718,46965,75868,61989
2014-11-04,144215,43289,50751,79539,60534
2014-11-11,151660,40661,53552,87014,63337
2014-11-18,166966,42865,65694,99090,62517
2014-11-25,171730,38541,69207,110033,62208
2014-12-02,174875,38556,69570,114685,65259
2014-12-09,192104,37695,61297,124200,85750
2014-12-16,137581,37861,52413,80630,53538
2014-12-23,141455,36615,51848,85812,54230
2014-12-30,143660,35072,54374,90331,53522
2015-01-06,161876,39156,64726,103437,58240
2015-01-13,178563,41920,79060,118235,60408
2015-01-20,182860,35319,81027,128779,62499
2015-01-27,185350,38649,83989,129144,62925
2015-02-03,182903,36220,78618,128829,67741
2015-02-10,175966,36798,75401,121424,66938
2015-02-17,170627,42999,71797,108431,67126
2015-02-24,169784,46741,68611,103097,70047
2015-03-03,165737,44563,71471,100739,65339
2015-03-10,205166,48053,80644,132078,84428
2015-03-17,188238,47155,85006,124844,65218
2015-03-24,178140,35938,74495,125186,66328
2015-03-31,182514,35143,71773,130848,75229
2015-04-07,185219,37641,71942,130411,78813
2015-04-14,189513,33993,70038,136944,79221
2015-04-21,175066,34830,64111,124700,77203
2015-04-28,171698,33239,67367,118250,73492
2015-05-05,173468,34304,59062,117555,87212
2015-05-12,183586,37511,68280,124508,85521
2015-05-19,182607,41132,64494,117486,94098
2015-05-26,176797,34696,60235,117828,90963
2015-06-02,175291,32769,58427,117608,89094
2015-06-09,181049,31014,59291,121106,90666
2015-06-16,146635,33877,59311,87973,62426
2015-06-23,178641,51530,73724,97485,81898
2015-06-30,181413,53656,66415,101251,94133
2015-07-07,168480,39583,62556,103158,81987
2015-07-14,157073,32162,56361,100879,77666
2015-07-21,164779,35141,56609,105350,85715
2015-07-28,173295,43795,53583,102505,97339
2015-08-04,169224,45748,52305,98230,91834
2015-08-11,158247,41751,52122,91311,83243
2015-08-18,172083,52030,56001,90500,92949
2015-08-25,176962,58051,54752,89205,99349
2015-09-01,170032,47801,59040,99011,82339
2015-09-08,186994,43509,61147,114928,84020
2015-09-15,145704,43206,46825,82581,68882
2015-09-22,146573,45001,43734,80548,75542
2015-09-29,155821,49815,51862,82145,70731
2015-10-06,160373,47700,52233,91391,72503
2015-10-13,152164,44765,52292,86121,63602
2015-10-20,158043,53477,45940,82773,83118
2015-10-27,153453,47986,43852,84486,76791
2015-11-03,151194,45775,45587,83950,76220
2015-11-10,172346,39369,55139,112133,75232
2015-11-17,175254,35107,60367,120464,75232
2015-11-24,172390,32322,64578,119432,68053
2015-12-01,187628,38403,66661,128714,79674
2015-12-08,200245,41633,65535,134644,90054
2015-12-15,165845,39121,56041,110007,76000
2015-12-22,194313,42075,68736,134216,84544
2015-12-29,204038,40476,71498,143839,91028
2016-01-05,221993,44662,75158,158902,104501
2016-01-12,238868,34294,64815,182189,123373
2016-01-19,259589,37863,76442,197965,133170
2016-01-26,272798,34696,82233,213083,140786
2016-02-02,270680,32737,77755,214581,142835
2016-02-09,255866,31025,67325,204732,150023
2016-02-16,260649,36512,72767,204119,146560
2016-02-23,257214,35479,68547,198292,145504
2016-03-01,275825,38965,78343,214139,151755
2016-03-08,299048,29364,78369,234315,161633
2016-03-15,253177,62876,76495,174396,135467
2016-03-22,246222,38526,76249,191334,131544
2016-03-29,250444,38926,78954,193799,133293
2016-04-05,247586,39574,86080,192127,121227
2016-04-12,236169,33848,85158,185161,110980
2016-04-19,238195,32765,87917,182814,111795
2016-04-26,243829,40431,89100,182392,114786
2016-05-03,248180,46105,86513,179607,122729
2016-05-10,238519,37628,72563,181040,126018
2016-05-17,239158,37533,75955,181722,120787
2016-05-24,244377,38557,71392,179706,125675
2016-05-31,243685,36546,69397,180591,128607
2016-06-07,259238,36337,102636,186403,101964
2016-06-14,206389,61706,98367,124129,65518
2016-06-21,199189,41707,93654,134361,66143
2016-06-28,206551,43274,85985,137605,80565
2016-07-05,227939,45746,94777,154184,87801
2016-07-12,236611,39999,100066,170357,87219
2016-07-19,225589,27959,102345,171835,71248
2016-07-26,231644,29819,110391,177371,70629
2016-08-02,233265,33375,115890,177202,69554
2016-08-09,243430,35523,125605,181773,71182
2016-08-16,248568,35890,130128,187068,69903
2016-08-23,247711,35850,130828,183922,69342
2016-08-30,248410,39648,132133,185793,71339
2016-09-06,255953,38785,128754,184116,80132
2016-09-13,252539,40397,123218,175488,74438
2016-09-20,237759,69233,127919,145856,66688
2016-09-27,239025,48177,135891,165684,62428
2016-10-04,262478,56760,154332,173807,64008
2016-10-11,255590,50393,145863,168023,63307
2016-10-18,255194,52575,144133,166965,65199
2016-10-25,267500,63601,147563,169425,70630
2016-11-01,267564,63739,146700,169308,72743
2016-11-08,253703,53211,143056,169583,67841
2016-11-15,248103,54241,134554,164645,70318
2016-11-22,242916,54209,128527,159627,70784
2016-11-29,244257,50806,128941,162924,71541
2016-12-06,243671,43169,120407,165779,76140
2016-12-13,237797,40515,112858,160244,76404
2016-12-20,205486,44152,103502,137410,60917
2016-12-27,212492,50062,107161,138923,63441
2017-01-03,225396,55482,120224,143594,65682
2017-01-10,228050,56742,122573,143914,65855
2017-01-17,228782,55242,121484,144232,67053
2017-01-24,223681,51521,114693,142585,69560
2017-01-31,211910,42232,104004,138852,69077
2017-02-07,211013,38135,102674,143839,68760
2017-02-14,212044,39039,104567,143574,69947
2017-02-21,213713,38253,104605,144966,70114
2017-02-28,226882,43329,114000,151463,71641
2017-03-07,262512,61847,143284,167434,75097
2017-03-14,259945,42367,149484,187680,65561
2017-03-21,252480,32586,140430,187036,67165
2017-03-28,246985,35055,139130,178810,67604
2017-04-04,241774,30741,130414,178783,71911
2017-04-11,244188,31871,137772,183232,70802
2017-04-18,261350,48348,147838,180855,75643
2017-04-25,261711,54050,145232,175178,82897
2017-05-02,267230,54281,135645,174292,95760
2017-05-09,257225,44910,91708,174152,130262
2017-05-16,256035,48369,81364,170287,138282
2017-05-23,256257,49166,73033,169651,147172
2017-05-30,254039,45574,75225,174892,141427
2017-06-06,248173,40147,76863,171798,133050
2017-06-13,269593,40552,79993,171312,127420
2017-06-20,194700,50625,88229,111234,68958
2017-06-27,187799,43707,82840,112643,69449
2017-07-03,201379,54025,81792,108720,83969
2017-07-11,193648,46614,70752,109540,86546
2017-07-18,200185,50883,67356,108392,94589
2017-07-25,200700,52152,78349,108402,87244
2017-08-01,217430,58857,88309,111887,88780
2017-08-08,208091,58617,83777,108561,87823
2017-08-15,213259,63810,95670,112181,78906
2017-08-22,216494,61484,107384,118557,73564
2017-08-29,224031,60053,111608,128444,74303
2017-09-05,219048,54454,107381,124851,72606
2017-09-12,273720,68938,115023,148804,104335
2017-09-19,202582,76556,86717,80934,75089
2017-09-26,195509,80145,75091,66178,80987
2017-10-03,174867,80325,60376,47590,78951
2017-10-10,181570,79610,64102,60706,80641
2017-10-17,186473,72871,67824,73965,82580
2017-10-24,188064,66162,67647,80830,83812
2017-10-31,185123,65482,64237,78103,83879
2017-11-07,177968,50403,59601,86580,81087
2017-11-14,176727,53147,57680,80930,82014
2017-11-21,175839,58358,58658,75131,82274
2017-11-28,178230,66549,61976,69411,82682
2017-12-05,202693,89270,82864,63128,80222
2017-12-12,208102,82611,71223,79509,97451
2017-12-19,183783,77109,56721,69022,95854
2017-12-26,190393,76354,63678,75633,97500
2018-01-02,211627,93611,77376,74426,105193
2018-01-09,203484,85039,59547,73179,115234
2018-01-16,218209,84661,58457,91200,132697
2018-01-23,236432,99369,66324,93255,141666
2018-01-30,235080,95667,63926,90898,141541
2018-02-06,216402,81698,53831,90308,136816
2018-02-13,193326,64164,49224,85580,115995
2018-02-20,188118,57953,50150,87531,109673
2018-02-27,196913,62924,50237,89864,114904
2018-03-06,197439,61368,56104,93464,112586
2018-03-13,206151,67190,59163,95955,117488
2018-03-20,159183,71425,47618,50409,88059
2018-03-27,176947,90239,56063,45780,94274
2018-04-03,172017,86643,46305,45117,99602
2018-04-10,182784,95267,52251,46550,104428
2018-04-17,205523,113252,65550,47451,110975
2018-04-24,183826,90186,52821,52018,100901
2018-05-01,194859,84565,58193,70188,102142
2018-05-08,188802,62194,53206,84866,95246
2018-05-15,190648,61361,55740,91070,96114
2018-05-22,186517,56329,50628,89377,98005
2018-05-29,205778,71057,61580,97022,101233
2018-06-05,239409,78577,71232,125986,122187
2018-06-12,269609,69254,58285,149396,149576
2018-06-19,172592,46892,66098,94733,60941
2018-06-26,169623,41491,63072,97843,61296
2018-07-03,184402,43775,72556,113538,63906
2018-07-10,178633,32043,72446,116606,60409
2018-07-17,187151,40841,79593,116329,60642
2018-07-24,191590,32178,78921,132537,67416
2018-07-31,190296,35001,82387,129761,68169
2018-08-07,219746,43930,102782,148285,72046
2018-08-14,245490,60028,120769,158369,73815
2018-08-21,267219,68091,140429,172960,75683
2018-08-28,260228,58662,135590,173709,76751
2018-09-04,261700,64040,133653,171837,80535
2018-09-11,279503,65982,127161,182513,99316
2018-09-18,229637,32856,112114,175480,71793
2018-09-25,225082,34768,101846,167336,78909
2018-10-02,210495,30786,90126,157189,78524
2018-10-09,210549,30186,90693,154862,78777
2018-10-16,210108,32153,82506,152950,86549
2018-10-23,221303,33299,80296,161058,94529
2018-10-30,233339,35778,88260,166998,94828
2018-11-06,227514,31670,88469,163402,93533
2018-11-13,229052,38606,85713,159325,102203
2018-11-20,227556,37710,81188,160553,103053
2018-11-27,227895,37930,77080,158469,106326
2018-12-04,235704,43935,83685,161195,102075
2018-12-11,255703,47649,90068,176859,115270
2018-12-18,204948,29162,89885,153733,74345
2018-12-24,212023,35076,91555,155098,79309
2018-12-31,212470,35782,92696,155005,79081
2019-01-08,210800,27670,87762,158512,82372
2019-01-15,219326,31061,91537,164447,88127
2019-01-22,210645,30050,82161,152335,87722
2019-01-29,206696,39271,74467,137331,94119
2019-02-05,196616,35111,68855,132536,90121
2019-02-12,194998,30720,73664,137850,83218
2019-02-19,201904,33266,80794,140744,82340
2019-02-26,202065,39743,79006,129876,86931
2019-03-05,193497,34620,69549,127991,86092
2019-03-12,191938,29927,66623,127752,85615
2019-03-19,140283,30157,43931,79962,65149
2019-03-26,142957,33638,42220,79128,68910
2019-04-02,147431,39423,49354,78574,64457
2019-04-09,142525,36260,42776,75826,66519
2019-04-16,148202,45932,45010,70687,71595
2019-04-23,157851,54522,56357,72862,63973
2019-04-30,161764,51577,56245,80506,67739
2019-05-07,154991,45232,52111,80034,66261
2019-05-14,156893,49332,52650,79235,67252
2019-05-21,190191,45638,71790,111772,75175
2019-05-28,213930,51796,83792,130329,81944
2019-06-04,220728,41998,89760,146295,82794
2019-06-11,221181,33761,78562,152966,92923
2019-06-18,210421,33155,85719,145152,77424
2019-06-25,207543,32059,90996,142565,75134
2019-07-02,224591,33647,97891,158837,80904
2019-07-09,247048,36232,109214,181197,86378
2019-07-16,253464,35190,111547,186194,89850
2019-07-23,248063,31935,110518,186280,84469
2019-07-30,275984,41367,131517,200508,91446
2019-08-06,296904,44716,147418,217107,98207
2019-08-13,273931,33405,129225,207577,95331
2019-08-20,273481,33405,125823,209548,94037
2019-08-27,273650,38143,127171,206475,90595
2019-09-03,272396,38695,123654,200362,92045
2019-09-10,283161,37903,130136,207848,96424
2019-09-17,230609,21332,107456,180897,77773
2019-09-24,236081,24446,105241,183185,84578
2019-10-01,238392,27916,105008,181676,86780
2019-10-08,246896,29482,102701,191313,96609
2019-10-15,243309,25431,98383,187491,103115
2019-10-22,230224,35749,88189,162541,103465
2019-10-29,214406,43157,75572,139336,101750
2019-11-05,206317,40984,70019,132041,100069
2019-11-12,209312,40348,68481,136814,106039
2019-11-19,218042,39205,71108,141288,111145
2019-11-26,223181,38646,75222,149337,109855
2019-12-03,236714,47755,77805,151535,121233
2019-12-10,256553,51920,74559,154988,138534
2019-12-17,201586,59311,65091,104881,105273
2019-12-24,206283,68574,59877,98829,117972
2019-12-31,206784,64574,52181,97705,118255
2020-01-07,197490,67403,50893,88398,116133
2020-01-14,196536,68816,37284,89932,127209
2020-01-21,194625,64256,39334,91212,123849
2020-01-28,203169,61887,44198,104061,123497
2020-02-04,208165,59659,46672,110198,127204
2020-02-11,212228,65006,43922,107906,133105
2020-02-18,216933,72784,43526,104712,138894
2020-02-25,211321,72667,43069,101927,136111
2020-03-03,214672,76063,40901,100855,133529
2020-03-10,214185,56077,29749,121960,153650
2020-03-17,182109,56575,37935,100164,118536
2020-03-24,179552,46534,35650,110975,110500
2020-03-31,165226,37149,32156,107046,102567
2020-04-07,150318,31254,27561,96711,93785
2020-04-14,153088,30287,27055,98814,94975
2020-04-21,158788,29527,30907,106820,95218
2020-04-28,162868,31466,38147,109022,91214
2020-05-05,161083,28096,40101,109737,86530
2020-05-12,166568,31525,45213,112483,84337
2020-05-19,179734,35810,54799,120800,87501
2020-05-26,188650,39192,61449,124256,88967
2020-06-02,190138,26970,63014,136633,92230
2020-06-09,185606,28893,52941,127992,93880
2020-06-16,166808,29378,45376,116810,87746
2020-06-23,170455,29654,48170,117032,89355
2020-06-30,186144,34424,55414,127993,94316
2020-07-07,180696,39892,56300,116764,90146
2020-07-14,179340,43175,56761,111449,88541
2020-07-21,180337,46230,61310,105310,84876
2020-07-28,178912,39329,64738,109806,81401
2020-08-04,176728,45977,60704,97040,84599
2020-08-11,179071,48053,50874,95806,96998
2020-08-18,187043,54310,47806,93117,110889
2020-08-25,175363,45390,39790,92696,106546
2020-09-01,186588,49213,42901,93942,114063
2020-09-08,197524,46590,33860,111518,127170
2020-09-15,149989,43801,41508,72246,81090
2020-09-22,152613,43487,40523,77199,81786
2020-09-29,159049,39216,51961,88988,78464
2020-10-06,156467,40698,51996,88441,76075
2020-10-13,148279,36195,45997,83165,72738
2020-10-20,146356,39836,41836,80189,75863
2020-10-27,139984,31799,38459,78492,71539
2020-11-03,140437,27701,38928,86101,72747
2020-11-10,141346,27872,45567,85903,67487
2020-11-17,139010,27454,47200,81874,65217
2020-11-24,142958,30838,47968,78518,67942
2020-12-01,146966,37087,44986,74334,73022
2020-12-08,164184,39344,33634,88382,100127
2020-12-15,142242,35128,31060,72757,84108
2020-12-21,144606,37550,31518,74009,85967
2020-12-29,139870,35735,30903,70355,82782
2021-01-05,143209,35526,31861,71685,84224
2021-01-12,152924,47935,34993,66808,92479
2021-01-19,147096,45904,32199,66734,90441
2021-01-26,154558,47360,39395,68827,88037
2021-02-02,161100,53658,44042,72034,90557
2021-02-09,170161,60513,39395,65969,102470
2021-02-16,171218,60269,38102,67674,105532
2021-02-23,176721,68266,37288,66953,111588
2021-03-02,169363,65138,29056,65635,113805
2021-03-09,181373,61271,27360,78946,123300
2021-03-16,148035,55190,26590,55771,96862
2021-03-23,146112,51843,30024,57492,90206
2021-03-30,139779,47222,22263,57584,89164
2021-04-06,140556,45270,25319,59714,89841
2021-04-13,148785,52851,27261,57154,97200
2021-04-20,164246,61053,35875,60909,106105
2021-04-27,161251,59917,30699,60835,108169
2021-05-04,152741,52262,32414,59055,97048
2021-05-11,173960,64947,36771,63539,113115
2021-05-18,173146,63027,38127,66577,112181
2021-05-25,169372,64193,33534,63058,113248
2021-06-01,174502,64204,40079,67004,110204
2021-06-08,171602,59238,31524,67888,112231
2021-06-15,156059,55203,23033,61123,111006
2021-06-22,171280,51445,33518,85169,111747
2021-06-29,169230,51596,33873,82559,111907
2021-07-06,178783,57232,35329,88387,113822
2021-07-13,172345,44686,36717,94672,107227
2021-07-20,188787,44223,47720,114031,110299
2021-07-27,185373,41194,46878,115831,108203
2021-08-03,180873,43119,43205,106522,109484
2021-08-10,178875,44750,37680,101835,111098
2021-08-17,178385,41898,37247,103667,107721
2021-08-24,196366,39489,56234,128248,109077
2021-08-31,194010,36544,51444,126407,111972
2021-09-07,201389,29348,53872,132783,112517
2021-09-14,142607,44161,39371,65679,78756
2021-09-21,159908,51910,52128,79287,78214
2021-09-28,171773,57923,55959,83471,80060
2021-10-05,182338,48137,68155,105899,80223
2021-10-12,172829,46794,58773,98512,78321
2021-10-19,158961,49112,47497,79459,81840
2021-10-26,156495,51912,36959,74688,88348
2021-11-02,166780,57255,42208,78420,90152
2021-11-09,186898,54004,66097,101492,83944
2021-11-16,207099,50443,82042,127197,86015
2021-11-23,213313,50122,84701,133888,88085
2021-11-30,230423,52099,90998,149168,95396
2021-12-07,238310,48950,87227,160312,105688
2021-12-14,213210,29497,80245,162359,91919
2021-12-21,207747,20824,78510,163619,92495
2021-12-28,205378,23093,73812,156875,96774
2022-01-04,200007,25980,65151,150332,100816
2022-01-11,200493,30506,59672,144550,106518
2022-01-18,183234,39760,40007,114486,111638
2022-01-25,182040,36666,44429,117812,100970
2022-02-01,184007,29597,53202,126536,97645
2022-02-08,197948,44709,53254,120220,110897
2022-02-15,195302,50151,47914,114901,112027
2022-02-22,188443,42249,48058,116372,106302
2022-03-01,211869,47679,48016,131583,117454
2022-03-08,246312,50982,63508,164423,138966
2022-03-15,188323,32442,61503,125994,88715
2022-03-22,195712,32753,69997,137829,87439
2022-03-29,224365,30624,70694,164519,112510
2022-04-05,238266,35873,77631,175429,117650
2022-04-12,246152,35514,88568,186343,115394
2022-04-19,249529,36811,95725,186134,113245
2022-04-26,272792,40436,110057,207141,119230
2022-05-03,268496,33536,107349,208754,119728
2022-05-10,264594,29469,109067,210627,115382
2022-05-17,253811,26613,105854,201647,107303
2022-05-24,253864,25936,106308,203802,106760
2022-05-31,252881,30788,104893,193786,106614
2022-06-07,258623,34618,105428,191742,111277
2022-06-14,238322,29343,94939,184011,102948
2022-06-21,228266,28470,91717,177170,99268
2022-06-28,228736,35184,88302,170967,100737
2022-07-05,240926,39618,95826,178745,101736
2022-07-12,231945,33850,92939,174748,99343
2022-07-19,228051,31943,89193,170053,99754
2022-07-26,225889,34606,88596,168266,97307
2022-08-02,226987,29305,85714,171966,99389
2022-08-09,224581,42219,76687,156282,104232
2022-08-16,227752,44084,77193,156167,108950
2022-08-23,248007,58783,86749,161585,112420
2022-08-30,262004,58477,87647,172796,121298
2022-09-06,280937,52731,103163,189617,119659
2022-09-13,303965,41129,109215,232346,145021
2022-09-20,266295,41289,96132,197346,123858
2022-09-27,281805,59831,106255,195244,130027
2022-10-04,256906,42078,91617,191819,112703
2022-10-11,255649,48979,88149,179700,114896
2022-10-18,258826,40328,91539,194385,118076
2022-10-25,258969,43511,91316,189146,122586
2022-11-01,243549,34979,79815,183210,117833
2022-11-08,237334,36630,76365,176560,120305
2022-11-15,230102,34699,67533,170322,120883
2022-11-22,222317,30917,66859,167143,115656
2022-11-29,225480,26000,62584,172199,122967
2022-12-06,230311,28539,56732,168838,131064
2022-12-13,240264,32008,57747,158686,127398
2022-12-20,187766,35284,40887,123375,110718
2022-12-27,195440,40585,51472,128090,108829
2023-01-03,205722,43625,63926,135314,105622
2023-01-10,202713,36007,65463,138532,103264
2023-01-17,201956,41469,66166,130575,99139
2023-01-24,194051,34756,58690,127207,99553
2023-01-31,196113,36234,54551,130370,101702
2023-02-07,203720,47131,61252,132947,101601
2023-02-14,205316,42198,61993,138641,104626
2023-02-21,213502,45475,66891,143077,105436
2023-02-28,212064,41562,65286,145180,108739
2023-03-07,222558,49111,66513,145695,111782
2023-03-14,193377,32334,49648,128752,103050
2023-03-21,190796,28652,49150,129030,103524
2023-03-28,199868,28355,52439,133149,110572
2023-04-04,224690,46415,61208,133802,124921
2023-04-11,225292,54928,57326,125634,130975
2023-04-18,224536,53834,52532,127731,135726
2023-04-25,231666,59405,53566,127306,137836
2023-05-02,231602,58661,57596,131148,135965
2023-05-09,242576,71561,67033,126935,138463
2023-05-16,247165,77388,64795,125675,143404
2023-05-23,237614,69203,57614,123348,140024
2023-05-30,240301,70320,57085,124002,139210
2023-06-06,242117,65063,52579,128441,142565
2023-06-13,290350,76383,69648,147717,166317
2023-06-20,226505,101567,54959,73692,132695
2023-06-27,229970,104382,52388,75034,141835
2023-07-03,221021,96461,46196,74446,138110
2023-07-11,239125,111667,53604,73150,145851
2023-07-18,265766,135269,71540,76229,157835
2023-07-25,237340,105498,46503,75737,152721
2023-08-01,220906,92175,42613,75949,142668
2023-08-08,206954,83239,36219,75990,133869
2023-08-15,215340,90541,39553,77496,137684
2023-08-22,228179,98061,38954,82487,147211
2023-08-29,228616,97143,48742,83880,140489
2023-09-05,225404,92645,46261,84129,134084
2023-09-12,227437,97365,51191,80441,131609
2023-09-19,191117,85095,51412,70362,102943
2023-09-26,227843,84750,69081,109264,117951
2023-10-03,241045,73911,80591,135637,118092
2023-10-10,231510,66290,76338,134573,113166
2023-10-17,222945,65537,76746,125328,105357
2023-10-24,233259,67119,85755,132744,105407
2023-10-31,229991,63712,84083,136888,102734
2023-11-07,212730,57532,73784,125781,96615
2023-11-14,216411,52797,80527,130004,94565
2023-11-21,208657,43300,69398,129406,98198
2023-11-28,217372,61296,69191,118253,108189
2023-12-05,218873,66359,54694,109112,121095
2023-12-12,243677,72011,50430,115620,135721
2023-12-19,177998,68810,48884,71626,99066
2023-12-26,175138,58750,44658,76501,98403
2024-01-02,177770,61794,46589,78751,96001
2024-01-09,172631,60684,39950,75972,98847
2024-01-16,179758,66230,35299,74438,105418
2024-01-23,185680,72599,41162,73087,107426
2024-01-30,192229,77499,43346,72532,109912
2024-02-06,199246,83936,49461,80560,109432
2024-02-13,199070,90545,40073,72289,119172
2024-02-20,199275,87602,41290,72901,121907
2024-02-27,210828,91970,45612,75762,127352
2024-03-05,221726,102279,43894,71655,135778
2024-03-12,277702,123285,52834,104338,183258
2024-03-19,197398,102605,49405,57898,115515
2024-03-26,203109,91261,56091,78159,115244
2024-04-02,219176,98352,54938,90146,129546
2024-04-09,211286,80000,51748,96196,123251
2024-04-16,229420,71800,63181,129957,126985
2024-04-23,242821,48459,74692,162986,122133
2024-04-30,235610,43668,72658,162366,118806
2024-05-07,223730,51777,73590,141835,108865
2024-05-14,223242,48674,68749,137917,111122
2024-05-21,223976,68538,67485,111397,111417
2024-05-28,268749,93041,67639,118109,150282
2024-06-04,267750,102118,58908,112717,161495
2024-06-11,275487,110300,58179,118817,175251
2024-06-18,207303,105920,58299,64996,113756
2024-06-25,207697,102547,58499,69497,114523
2024-07-02,198119,106753,44712,52797,117856
2024-07-09,224179,135316,50626,46249,140835
2024-07-16,280623,183287,50385,50803,199921
2024-07-23,289241,188489,46306,57005,211274
2024-07-30,268554,165635,54164,59012,182171
2024-08-06,224042,126080,51681,58800,139880
2024-08-13,205569,102603,54791,57134,115474
2024-08-20,231383,125634,58123,55248,135203
2024-08-27,274215,152163,62232,65042,170287
2024-09-03,285461,160773,52695,69973,190928
2024-09-10,272336,142072,51784,69944,177222
2024-09-17,212595,124822,61843,47645,127396
2024-09-24,251641,155325,68333,52374,156757
2024-10-01,257312,161469,67704,51360,162795
2024-10-08,255908,157666,64531,54329,162337
2024-10-15,250150,151923,66121,54936,154384
2024-10-22,230130,140603,66027,50886,131948
2024-10-29,221535,132636,66280,48596,122897
2024-11-05,219857,120737,75653,56459,112019
2024-11-12,212345,119992,63942,54642,113790
2024-11-19,220896,101713,61398,80547,119613
2024-11-26,239062,98459,76825,108932,121718
2024-12-03,243504,98056,78730,114068,123063
2024-12-10,311725,102763,75638,162912,184816
2024-12-17,187135,88265,66618,71728,87986
2024-12-24,188844,84558,65235,76000,88844
2024-12-31,188879,86202,65367,74237,88489
2025-01-07,188770,81343,66837,78373,84096
2025-01-14,200826,80557,80119,94313,79328
2025-01-21,212688,75696,83953,111968,83219
2025-01-28,206821,59331,81003,121421,82067
2025-02-04,204644,65442,76765,111619,86590
2025-02-11,208138,69087,72255,105189,88709
2025-02-18,203370,73564,74143,100001,89204
2025-02-25,200468,74089,69626,95277,89091
2025-03-04,200634,81866,63292,81410,95120
2025-03-11,248457,94786,65593,92023,124384
2025-03-18,180841,95941,66539,48822,87566
2025-03-25,191212,109016,64733,48843,99525
2025-04-01,187160,104986,70360,50320,89110
2025-04-08,176910,91733,74423,59719,75514
2025-04-15,177006,85708,79199,61721,71210
2025-04-22,179555,94021,73531,54477,79916
2025-04-29,192312,91064,67105,55263,84986
2025-05-06,200214,94384,65149,57797,92533
2025-05-13,194861,89540,62324,55836,87895
2025-05-20,195326,88144,64151,57675,91492
2025-05-27,202990,102391,67012,59033,105900
2025-06-03,233601,103672,68457,74588,123553
2025-06-10,213940,111076,59442,60665,121227
2025-06-17,177026,106282,63425,35707,87770
2025-06-24,179898,99848,65453,43166,87201
2025-07-01,188689,107150,75751,42773,86744
2025-07-08,191557,108019,74825,45495,89037
2025-07-15,187275,100980,71789,49932,87413
2025-07-22,195467,93760,93190,67928,73667
2025-07-29,207879,87799,99827,88729,75405
2025-08-05,206254,65635,98938,108854,76211
2025-08-12,216082,73736,112829,109217,73700
2025-08-19,219831,81303,106488,103816,83024
2025-08-26,219906,76001,107354,108993,83031
2025-09-02,226437,76062,109202,117507,85703
2025-09-09,322879,74849,108454,184370,154586
2025-09-16,234531,80796,87376,112620,117719
2025-09-23,233166,84500,86464,112662,115866
2025-09-30,226426,80540,89434,113199,105453
2025-10-07,247550,94411,98887,121358,117829
2025-10-14,237520,79515,91144,129942,113152
2025-10-21,233484,75419,92194,127352,111747
2025-10-28,248118,82471,102733,138267,111167
2025-11-04,270917,63117,118136,178498,111671
2025-11-10,272612,52423,133427,192529,100126
2025-11-18,279341,53189,132446,200570,107474
2025-11-25,315550,45257,138478,233392,131392
2025-12-02,299768,52252,132432,212626,123411
2025-12-09,332405,60319,135834,213264,128982
2025-12-16,282031,61968,110466,106912,56503
2025-12-23,198132,63540,104739,104258,60602
2025-12-30,196003,69492,102699,97782,63299
2026-01-06,206314,76486,107024,96932,67694
2026-01-13,207867,79003,104273,97243,71739
2026-01-20,207612,81332,103312,91023,73941
2026-01-27,224459,87786,103948,97216,91752
2026-02-03,227888,94893,108804,96004,88940
2026-02-10,227574,88373,114183,99512,84396
2026-02-17,238845,82015,124419,115022,77368
2026-02-24,245891,67213,124285,135804,79628
2026-03-03,269696,59499,132185,163156,85851
2026-03-10,392591,49270,133467,278523,191612
2026-03-17,243434,44293,109808,170509,100179
2026-03-24,238862,46459,104881,162128,100941
2026-03-31,243461,51304,103969,167652,106244
2026-04-07,244191,47344,103698,172233,109535
2026-04-14,250053,54947,109671,167315,108067
2026-04-21,263523,63086,115125,172752,115913
2026-04-28,263635,59577,120216,175790,111670
2026-05-05,276143,62573,126481,180932,115248
2026-05-12,283643,79605,122664,169529,124878
2026-05-19,285647,68075,132382,190244,121546
2026-05-26,282065,57978,119376,191611,128063
2026-06-02,271147,53687,105905,182081,120988
2026-06-09,291371,45743,109956,218025,142155
2026-06-16,323315,42043,113628,174844,94919
2026-06-23,297226,40772,146491,232430,108999
2026-06-30,295062,37149,139296,232886,111589
2026-07-07,282969,44564,132467,208613,110247
2026-07-14,265153,51085,122338,181763,103519
2026-07-21,262281,64282,119843,163251,106952
2026-07-28,267426,61458,126272,179056,106246
2026-08-04,246577,55012,112826,162731,100086
2026-08-11,256447,65268,121489,159342,100455
2026-08-18,286371,77343,131916,172609,122256
