month,USD,EUR,JPY,GBP,AUD,CAD,CHF,HKD
2003-01,1.25,2.75,,4,4.75,2.75,0.75,2.75
2003-02,1.25,2.75,,3.75,4.75,2.75,0.75,2.75
2003-03,1.25,2.5,,3.75,4.75,3,0.375,2.75
2003-04,1.25,2.5,,3.75,4.75,3.25,0.375,2.75
2003-05,1.25,2.5,,3.75,4.75,3.25,0.375,2.75
2003-06,1,2,,3.75,4.75,3.25,0.375,2.5
2003-07,1,2,,3.5,4.75,3,0.375,2.5
2003-08,1,2,,3.5,4.75,3,0.375,2.5
2003-09,1,2,,3.5,4.75,2.75,0.375,2.5
2003-10,1,2,,3.5,4.75,2.75,0.375,2.5
2003-11,1,2,,3.75,5,2.75,0.375,2.5
2003-12,1,2,,3.75,5.25,2.75,0.375,2.5
2004-01,1,2,,3.75,5.25,2.5,0.375,2.5
2004-02,1,2,,4,5.25,2.5,0.375,2.5
2004-03,1,2,,4,5.25,2.25,0.375,2.5
2004-04,1,2,,4,5.25,2,0.375,2.5
2004-05,1,2,,4.25,5.25,2,0.375,2.5
2004-06,1.25,2,,4.5,5.25,2,0.5,2.5
2004-07,1.25,2,,4.5,5.25,2,0.5,2.75
2004-08,1.5,2,,4.75,5.25,2,0.5,3
2004-09,1.75,2,,4.75,5.25,2.25,0.75,3.25
2004-10,1.75,2,,4.75,5.25,2.5,0.75,3.25
2004-11,2,2,,4.75,5.25,2.5,0.75,3.5
2004-12,2.25,2,,4.75,5.25,2.5,0.75,3.75
2005-01,2.25,2,,4.75,5.25,2.5,0.75,3.75
2005-02,2.5,2,,4.75,5.25,2.5,0.75,4
2005-03,2.75,2,,4.75,5.5,2.5,0.75,4.25
2005-04,2.75,2,,4.75,5.5,2.5,0.75,4.25
2005-05,3,2,,4.75,5.5,2.5,0.75,4.5
2005-06,3.25,2,,4.75,5.5,2.5,0.75,4.5
2005-07,3.25,2,,4.75,5.5,2.5,0.75,4.75
2005-08,3.5,2,,4.5,5.5,2.5,0.75,5
2005-09,3.75,2,,4.5,5.5,2.75,0.75,5.25
2005-10,3.75,2,,4.5,5.5,3,0.75,5.25
2005-11,4,2,,4.5,5.5,3,0.75,5.5
2005-12,4.25,2.25,,4.5,5.5,3.25,1,5.75
2006-01,4.5,2.25,,4.5,5.5,3.5,1,5.75
2006-02,4.5,2.25,,4.5,5.5,3.5,1,6
2006-03,4.75,2.5,0,4.5,5.5,3.75,1.25,6.25
2006-04,4.75,2.5,0,4.5,5.5,4,1.25,6.25
2006-05,5,2.5,0,4.5,5.75,4.25,1.25,6.5
2006-06,5.25,2.75,0,4.5,5.75,4.25,1.5,6.75
2006-07,5.25,2.75,0.25,4.5,5.75,4.25,1.5,6.75
2006-08,5.25,3,0.25,4.75,6,4.25,1.5,6.75
2006-09,5.25,3,0.25,4.75,6,4.25,1.75,6.75
2006-10,5.25,3.25,0.25,4.75,6,4.25,1.75,6.75
2006-11,5.25,3.25,0.25,5,6.25,4.25,1.75,6.75
2006-12,5.25,3.5,0.25,5,6.25,4.25,2,6.75
2007-01,5.25,3.5,0.25,5.25,6.25,4.25,2,6.75
2007-02,5.25,3.5,0.5,5.25,6.25,4.25,2,6.75
2007-03,5.25,3.75,0.5,5.25,6.25,4.25,2.25,6.75
2007-04,5.25,3.75,0.5,5.25,6.25,4.25,2.25,6.75
2007-05,5.25,3.75,0.5,5.5,6.25,4.25,2.25,6.75
2007-06,5.25,4,0.5,5.5,6.25,4.25,2.5,6.75
2007-07,5.25,4,0.5,5.75,6.25,4.5,2.5,6.75
2007-08,5.25,4,0.5,5.75,6.5,4.5,2.5,6.75
2007-09,4.75,4,0.5,5.75,6.5,4.5,2.75,6.25
2007-10,4.5,4,0.5,5.75,6.5,4.5,2.75,6.25
2007-11,4.5,4,0.5,5.75,6.75,4.5,2.75,6
2007-12,4.25,4,0.5,5.5,6.75,4.25,2.75,5.75
2008-01,3,4,0.5,5.5,6.75,4,2.75,4.5
2008-02,3,4,0.5,5.25,6.9999,4,2.75,4.5
2008-03,2.25,4,0.5,5.25,7.2498,3.5,2.75,3.75
2008-04,2,4,0.5,5,7.25,3,2.75,3.75
2008-05,2,4,0.5,5,7.25,3,2.75,3.5
2008-06,2,4,0.5,5,7.25,3,2.75,3.5
2008-07,2,4.25,0.5,5,7.25,3,2.75,3.5
2008-08,2,4.25,0.5,5,7.25,3,2.75,3.5
2008-09,2,4.25,0.5,5,7,3,2.75,3.5
2008-10,1,3.75,0.3,4.5,6,2.25,2.5,1.5
2008-11,1,3.25,0.3,3,5.25,2.25,1,1.5
2008-12,0.125,2.5,0.1,2,4.25,1.5,0.5,0.5
2009-01,0.125,2,0.1,1.5,4.25,1,0.5,0.5
2009-02,0.125,2,0.1,1,3.25,1,0.5,0.5
2009-03,0.125,1.5,0.1,0.5,3.25,0.5,0.375,0.5
2009-04,0.125,1.25,0.1,0.5,3,0.25,0.375,0.5
2009-05,0.125,1,0.1,0.5,3,0.25,0.375,0.5
2009-06,0.125,1,0.1,0.5,3,0.25,0.375,0.5
2009-07,0.125,1,0.1,0.5,3,0.25,0.375,0.5
2009-08,0.125,1,0.1,0.5,3,0.25,0.375,0.5
2009-09,0.125,1,0.1,0.5,3,0.25,0.375,0.5
2009-10,0.125,1,0.1,0.5,3.25,0.25,0.375,0.5
2009-11,0.125,1,0.1,0.5,3.5,0.25,0.375,0.5
2009-12,0.125,1,0.1,0.5,3.75,0.25,0.375,0.5
2010-01,0.125,1,0.1,0.5,3.75,0.25,0.375,0.5
2010-02,0.125,1,0.1,0.5,3.75,0.25,0.375,0.5
2010-03,0.125,1,0.1,0.5,4,0.25,0.375,0.5
2010-04,0.125,1,0.1,0.5,4.25,0.25,0.375,0.5
2010-05,0.125,1,0.1,0.5,4.5,0.25,0.375,0.5
2010-06,0.125,1,0.1,0.5,4.5,0.5,0.375,0.5
2010-07,0.125,1,0.1,0.5,4.5,0.75,0.375,0.5
2010-08,0.125,1,0.1,0.5,4.5,0.75,0.375,0.5
2010-09,0.125,1,0.1,0.5,4.5,1,0.375,0.5
2010-10,0.125,1,0.05,0.5,4.5,1,0.375,0.5
2010-11,0.125,1,0.05,0.5,4.75,1,0.375,0.5
2010-12,0.125,1,0.05,0.5,4.75,1,0.375,0.5
2011-01,0.125,1,0.05,0.5,4.75,1,0.375,0.5
2011-02,0.125,1,0.05,0.5,4.75,1,0.375,0.5
2011-03,0.125,1,0.05,0.5,4.75,1,0.375,0.5
2011-04,0.125,1.25,0.05,0.5,4.75,1,0.375,0.5
2011-05,0.125,1.25,0.05,0.5,4.75,1,0.375,0.5
2011-06,0.125,1.25,0.05,0.5,4.75,1,0.375,0.5
2011-07,0.125,1.5,0.05,0.5,4.75,1,0.375,0.5
2011-08,0.125,1.5,0.05,0.5,4.75,1,0.125,0.5
2011-09,0.125,1.5,0.05,0.5,4.75,1,0.125,0.5
2011-10,0.125,1.5,0.05,0.5,4.75,1,0.125,0.5
2011-11,0.125,1.25,0.05,0.5,4.5,1,0.125,0.5
2011-12,0.125,1,0.05,0.5,4.25,1,0.125,0.5
2012-01,0.125,1,0.05,0.5,4.25,1,0.125,0.5
2012-02,0.125,1,0.05,0.5,4.25,1,0.125,0.5
2012-03,0.125,1,0.05,0.5,4.25,1,0.125,0.5
2012-04,0.125,1,0.05,0.5,4.25,1,0.125,0.5
2012-05,0.125,1,0.05,0.5,3.75,1,0.125,0.5
2012-06,0.125,1,0.05,0.5,3.5,1,0.125,0.5
2012-07,0.125,0.75,0.05,0.5,3.5,1,0.125,0.5
2012-08,0.125,0.75,0.05,0.5,3.5,1,0.125,0.5
2012-09,0.125,0.75,0.05,0.5,3.5,1,0.125,0.5
2012-10,0.125,0.75,0.05,0.5,3.25,1,0.125,0.5
2012-11,0.125,0.75,0.05,0.5,3.25,1,0.125,0.5
2012-12,0.125,0.75,0.05,0.5,3,1,0.125,0.5
2013-01,0.125,0.75,0.05,0.5,3,1,0.125,0.5
2013-02,0.125,0.75,0.05,0.5,3,1,0.125,0.5
2013-03,0.125,0.75,0.05,0.5,3,1,0.125,0.5
2013-04,0.125,0.75,0.05,0.5,3,1,0.125,0.5
2013-05,0.125,0.5,,0.5,2.75,1,0.125,0.5
2013-06,0.125,0.5,,0.5,2.75,1,0.125,0.5
2013-07,0.125,0.5,,0.5,2.75,1,0.125,0.5
2013-08,0.125,0.5,,0.5,2.5,1,0.125,0.5
2013-09,0.125,0.5,,0.5,2.5,1,0.125,0.5
2013-10,0.125,0.5,,0.5,2.5,1,0.125,0.5
2013-11,0.125,0.25,,0.5,2.5,1,0.125,0.5
2013-12,0.125,0.25,,0.5,2.5,1,0.125,0.5
2014-01,0.125,0.25,,0.5,2.5,1,0.125,0.5
2014-02,0.125,0.25,,0.5,2.5,1,0.125,0.5
2014-03,0.125,0.25,,0.5,2.5,1,0.125,0.5
2014-04,0.125,0.25,,0.5,2.5,1,0.125,0.5
2014-05,0.125,0.25,,0.5,2.5,1,0.125,0.5
2014-06,0.125,0.15,,0.5,2.5,1,0.125,0.5
2014-07,0.125,0.15,,0.5,2.5,1,0.125,0.5
2014-08,0.125,0.15,,0.5,2.5,1,0.125,0.5
2014-09,0.125,0.05,,0.5,2.5,1,0.125,0.5
2014-10,0.125,0.05,,0.5,2.5,1,0.125,0.5
2014-11,0.125,0.05,,0.5,2.5,1,0.125,0.5
2014-12,0.125,0.05,,0.5,2.5,1,,0.5
2015-01,0.125,0.05,,0.5,2.5,0.75,,0.5
2015-02,0.125,0.05,,0.5,2.25,0.75,,0.5
2015-03,0.125,0.05,,0.5,2.25,0.75,,0.5
2015-04,0.125,0.05,,0.5,2.25,0.75,,0.5
2015-05,0.125,0.05,,0.5,2,0.75,,0.5
2015-06,0.125,0.05,,0.5,2,0.75,,0.5
2015-07,0.125,0.05,,0.5,2,0.5,,0.5
2015-08,0.125,0.05,,0.5,2,0.5,,0.5
2015-09,0.125,0.05,,0.5,2,0.5,,0.5
2015-10,0.125,0.05,,0.5,2,0.5,,0.5
2015-11,0.125,0.05,,0.5,2,0.5,,0.5
2015-12,0.375,0.05,,0.5,2,0.5,,0.75
2016-01,0.375,0.05,,0.5,2,0.5,,0.75
2016-02,0.375,0.05,,0.5,2,0.5,,0.75
2016-03,0.375,0,,0.5,2,0.5,,0.75
2016-04,0.375,0,,0.5,2,0.5,,0.75
2016-05,0.375,0,,0.5,1.75,0.5,,0.75
2016-06,0.375,0,,0.5,1.75,0.5,,0.75
2016-07,0.375,0,,0.5,1.75,0.5,,0.75
2016-08,0.375,0,,0.25,1.5,0.5,,0.75
2016-09,0.375,0,,0.25,1.5,0.5,,0.75
2016-10,0.375,0,,0.25,1.5,0.5,,0.75
2016-11,0.375,0,,0.25,1.5,0.5,,0.75
2016-12,0.625,0,,0.25,1.5,0.5,,1
2017-01,0.625,0,,0.25,1.5,0.5,,1
2017-02,0.625,0,,0.25,1.5,0.5,,1
2017-03,0.875,0,,0.25,1.5,0.5,,1.25
2017-04,0.875,0,,0.25,1.5,0.5,,1.25
2017-05,0.875,0,,0.25,1.5,0.5,,1.25
2017-06,1.125,0,,0.25,1.5,0.5,,1.5
2017-07,1.125,0,,0.25,1.5,0.75,,1.5
2017-08,1.125,0,,0.25,1.5,0.75,,1.5
2017-09,1.125,0,,0.25,1.5,1,,1.5
2017-10,1.125,0,,0.25,1.5,1,,1.5
2017-11,1.125,0,,0.5,1.5,1,,1.5
2017-12,1.375,0,,0.5,1.5,1,,1.75
2018-01,1.375,0,,0.5,1.5,1.25,,1.75
2018-02,1.375,0,,0.5,1.5,1.25,,1.75
2018-03,1.625,0,,0.5,1.5,1.25,,2
2018-04,1.625,0,,0.5,1.5,1.25,,2
2018-05,1.625,0,,0.5,1.5,1.25,,2
2018-06,1.875,0,,0.5,1.5,1.25,,2.25
2018-07,1.875,0,,0.5,1.5,1.5,,2.25
2018-08,1.875,0,,0.75,1.5,1.5,,2.25
2018-09,2.125,0,,0.75,1.5,1.5,,2.5
2018-10,2.125,0,,0.75,1.5,1.75,,2.5
2018-11,2.125,0,,0.75,1.5,1.75,,2.5
2018-12,2.375,0,,0.75,1.5,1.75,,2.75
2019-01,2.375,0,,0.75,1.5,1.75,,2.75
2019-02,2.375,0,,0.75,1.5,1.75,,2.75
2019-03,2.375,0,,0.75,1.5,1.75,,2.75
2019-04,2.375,0,,0.75,1.5,1.75,,2.75
2019-05,2.375,0,,0.75,1.5,1.75,,2.75
2019-06,2.375,0,,0.75,1.25,1.75,,2.75
2019-07,2.375,0,,0.75,1,1.75,,2.75
2019-08,2.125,0,,0.75,1,1.75,,2.5
2019-09,1.875,0,,0.75,1,1.75,,2.25
2019-10,1.625,0,,0.75,0.75,1.75,,2
2019-11,1.625,0,,0.75,0.75,1.75,,2
2019-12,1.625,0,,0.75,0.75,1.75,,2.49
2020-01,1.625,0,,0.75,0.75,1.75,,2
2020-02,1.625,0,,0.75,0.75,1.75,,2
2020-03,0.125,0,,0.1,0.25,0.25,,1.65
2020-04,0.125,0,,0.1,0.25,0.25,,1.11
2020-05,0.125,0,,0.1,0.25,0.25,,0.62
2020-06,0.125,0,,0.1,0.25,0.25,,0.5
2020-07,0.125,0,,0.1,0.25,0.25,,0.5
2020-08,0.125,0,,0.1,0.25,0.25,,0.5
2020-09,0.125,0,,0.1,0.25,0.25,,0.5
2020-10,0.125,0,,0.1,0.25,0.25,,0.5
2020-11,0.125,0,,0.1,0.1,0.25,,0.5
2020-12,0.125,0,,0.1,0.1,0.25,,0.5
2021-01,0.125,0,,0.1,0.1,0.25,,0.5
2021-02,0.125,0,,0.1,0.1,0.25,,0.5
2021-03,0.125,0,,0.1,0.1,0.25,,0.5
2021-04,0.125,0,,0.1,0.1,0.25,,0.5
2021-05,0.125,0,,0.1,0.1,0.25,,0.5
2021-06,0.125,0,,0.1,0.1,0.25,,0.5
2021-07,0.125,0,,0.1,0.1,0.25,,0.5
2021-08,0.125,0,,0.1,0.1,0.25,,0.5
2021-09,0.125,0,,0.1,0.1,0.25,,0.5
2021-10,0.125,0,,0.1,0.1,0.25,,0.5
2021-11,0.125,0,,0.1,0.1,0.25,,0.5
2021-12,0.125,0,,0.25,0.1,0.25,,0.5
2022-01,0.125,0,,0.25,0.1,0.25,,0.5
2022-02,0.125,0,,0.5,0.1,0.25,,0.5
2022-03,0.375,0,,0.75,0.1,0.5,,0.75
2022-04,0.375,0,,0.75,0.1,1,,0.75
2022-05,0.875,0,,1,0.35,1,,1.25
2022-06,1.625,0,,1.25,0.85,1.5,,2
2022-07,2.375,0.5,,1.25,1.35,2.5,,2.75
2022-08,2.375,0.5,,1.75,1.85,2.5,,2.75
2022-09,3.125,1.25,,2.25,2.35,3.25,0.5,3.5
2022-10,3.125,1.25,,2.25,2.6,3.75,0.5,3.5
2022-11,3.875,2,,3,2.85,3.75,0.5,4.25
2022-12,4.375,2.5,,3.5,3.1,4.25,1,4.75
2023-01,4.375,2.5,,3.5,3.1,4.5,1,4.75
2023-02,4.625,3,,4,3.35,4.5,1,5
2023-03,4.875,3.5,,4.25,3.6,4.5,1.5,5.25
2023-04,4.875,3.5,,4.25,3.6,4.5,1.5,5.25
2023-05,5.125,3.75,,4.5,3.85,4.5,1.5,5.5
2023-06,5.125,4,,5,4.1,4.75,1.75,5.5
2023-07,5.375,4,,5,4.1,5,1.75,5.75
2023-08,5.375,4.25,,5.25,4.1,5,1.75,5.75
2023-09,5.375,4.5,,5.25,4.1,5,1.75,5.75
2023-10,5.375,4.5,,5.25,4.1,5,1.75,5.75
2023-11,5.375,4.5,,5.25,4.35,5,1.75,5.75
2023-12,5.375,4.5,,5.25,4.35,5,1.75,5.75
2024-01,5.375,4.5,,5.25,4.35,5,1.75,5.75
2024-02,5.375,4.5,,5.25,4.35,5,1.75,5.75
2024-03,5.375,4.5,0.05,5.25,4.35,5,1.5,5.75
2024-04,5.375,4.5,0.05,5.25,4.35,5,1.5,5.75
2024-05,5.375,4.5,0.05,5.25,4.35,5,1.5,5.75
2024-06,5.375,4.25,0.05,5.25,4.35,4.75,1.25,5.75
2024-07,5.375,4.25,0.05,5.25,4.35,4.5,1.25,5.75
2024-08,5.375,4.25,0.25,5,4.35,4.5,1.25,5.75
2024-09,4.875,3.5,0.25,5,4.35,4.25,1,5.25
2024-10,4.875,3.25,0.25,5,4.35,3.75,1,5.25
2024-11,4.625,3.25,0.25,4.75,4.35,3.75,1,5
2024-12,4.375,3,0.25,4.75,4.35,3.25,0.5,4.75
2025-01,4.375,3,0.5,4.75,4.35,3,0.5,4.75
2025-02,4.375,2.75,0.5,4.5,4.1,3,0.5,4.75
2025-03,4.375,2.5,0.5,4.5,4.1,2.75,0.25,4.75
2025-04,4.375,2.25,0.5,4.5,4.1,2.75,0.25,4.75
2025-05,4.375,2.25,0.5,4.25,3.85,2.75,0.25,4.75
2025-06,4.375,2,0.5,4.25,3.85,2.75,0,4.75
2025-07,4.375,2,0.5,4.25,3.85,2.75,0,4.75
2025-08,4.375,2,0.5,4,3.6,2.75,0,4.75
2025-09,4.125,2,0.5,4,3.6,2.5,0,4.5
2025-10,3.875,2,0.5,4,3.6,2.25,0,4.25
2025-11,3.875,2,0.5,4,3.6,2.25,0,4.25
2025-12,3.625,2,0.75,3.75,3.6,2.25,0,4
2026-01,3.625,2,0.75,3.75,3.6,2.25,0,4
2026-02,3.625,2,0.75,3.75,3.85,2.25,0,4
2026-03,3.625,2,0.75,3.75,4.1,2.25,0,4
2026-04,3.625,2,0.75,3.75,4.1,2.25,0,4
2026-05,3.625,2,0.75,3.75,4.35,2.25,0,4
2026-06,3.625,2.25,1,3.75,4.35,2.25,0,4
2026-07,3.625,2.25,1,3.75,4.35,2.25,0,4
